Name_PV,Type_Park,Section,Parameter,Value,Unit
PFV_Capricornio_new,WECC,Photovoltaic_park_parameters,N_PV_arrays,57,
,,,Frequency,50,Hz
,,,Collector_grid_nominal_voltage,34.5,kVRMSLL
,,,Tx_grid_nominal_voltage(POI),110,kVRMSLL
,,,Include_ZigZag_transformer_option,,
,,,R_ZigZag,0,Ohm
,,,L_ZigZag,0.281163122e-3,H
,,Single_pv_array,S_spv,1.667,MVA
,,,Inverter_nominal_voltage,0.575,kVRMSLL
,,,DC_voltage,1.264,kVRMSLL
,,,Q_filt,15,kVAR
,,,R_Choke,0.01,pu
,,,L_Choke,0.15,pu
,,Collector_grid,Inc_collector,,
,,,R_collector,0.1265,Ohm
,,,L_collector,0.3831e-3,H
,,,C_collector,7e-6,F
,,Operating_conditions,N_PV_inServ,57,
,,,Q_ctrlMode,1,
,,,Reactive_ref,-0.228059651,pu
,,,P_ctrlMode,2,
,,,Active_ref,0.6169,pu
PFV_RIO_ESCONDIDO,WECC,Photovoltaic_park_parameters,N_PV_arrays,21,
,,,Frequency,50,Hz
,,,Collector_grid_nominal_voltage,33,kVRMSLL
,,,Tx_grid_nominal_voltage(POI),220,kVRMSLL
,,,Include_ZigZag_transformer_option,,
,,,R_ZigZag,0.1265,Ohm
,,,L_ZigZag,0.3831e-3,H
,,Single_pv_array,S_spv,7,MVA
,,,Inverter_nominal_voltage,0.63,kVRMSLL
,,,DC_voltage,1.264,kVRMSLL
,,,Q_filt,10,kVAR
,,,R_Choke,0.01,pu
,,,L_Choke,0.15,pu
,,Collector_grid,Inc_collector,1,
,,,R_collector,0.017778,Ohm
,,,L_collector,0.040425e-3,H
,,,C_collector,4.852704e-6,F
,,Operating_conditions,N_PV_inServ,21,
,,,Q_ctrlMode,1,
,,,Reactive_ref,0,pu
,,,P_ctrlMode,2,
,,,Active_ref,0.87,pu
PFV_EL_PELICANO,WECC,Photovoltaic_park_parameters,N_PV_arrays,66,
,,,Frequency,50,Hz
,,,Collector_grid_nominal_voltage,34.5,kVRMSLL
,,,Tx_grid_nominal_voltage(POI),220,kVRMSLL
,,,Include_ZigZag_transformer_option,1,
,,,R_ZigZag,0.1265,Ohm
,,,L_ZigZag,0.3831e-3,H
,,Single_pv_array,S_spv,1.6667,MVA
,,,Inverter_nominal_voltage,0.575,kVRMSLL
,,,DC_voltage,1.264,kVRMSLL
,,,Q_filt,15,kVAR
,,,R_Choke,0.01,pu
,,,L_Choke,0.15,pu
,,Collector_grid,Inc_collector,,
,,,R_collector,0.1883,Ohm
,,,L_collector,0.2327e-3,H
,,,C_collector,7.221e-05,F
,,Operating_conditions,N_PV_inServ,66,
,,,Q_ctrlMode,1,
,,,Reactive_ref,-0.146360709,pu
,,,P_ctrlMode,2,
,,,Active_ref,0.6169,pu
PFV_LA_HUELLA,WECC,Photovoltaic_park_parameters,N_PV_arrays,26,
,,,Frequency,50,Hz
,,,Collector_grid_nominal_voltage,33,kVRMSLL
,,,Tx_grid_nominal_voltage(POI),220,kVRMSLL
,,,Include_ZigZag_transformer_option,1,
,,,R_ZigZag,105.3,Ohm
,,,L_ZigZag,0,H
,,Single_pv_array,S_spv,3.63,MVA
,,,Inverter_nominal_voltage,0.66,kVRMSLL
,,,DC_voltage,1.264,kVRMSLL
,,,Q_filt,25,kVAR
,,,R_Choke,0.01,pu
,,,L_Choke,0.15,pu
,,Collector_grid,Inc_collector,,
,,,R_collector,0.019721,Ohm
,,,L_collector,0.079838e-3,H
,,,C_collector,2.365165e-6,F
,,Operating_conditions,N_PV_inServ,26,
,,,Q_ctrlMode,1,
,,,Reactive_ref,-0.255032846,pu
,,,P_ctrlMode,2,
,,,Active_ref,0.6169,pu
PFV_EL_ROMERO,WECC,Photovoltaic_park_parameters,N_PV_arrays,190,
,,,Frequency,50,Hz
,,,Collector_grid_nominal_voltage,33,kVRMSLL
,,,Tx_grid_nominal_voltage(POI),220,kVRMSLL
,,,Include_ZigZag_transformer_option,1,
,,,R_ZigZag,276.78,Ohm
,,,L_ZigZag,0.90718,H
,,Single_pv_array,S_spv,1.08889,MVA
,,,Inverter_nominal_voltage,0.4,kVRMSLL
,,,DC_voltage,1.5,kVRMSLL
,,,Q_filt,10,kVAR
,,,R_Choke,0.01,pu
,,,L_Choke,0.15,pu
,,Collector_grid,Inc_collector,,
,,,R_collector,0.0197,Ohm
,,,L_collector,7.9895e-5,H
,,,C_collector,2.36e-6,F
,,Operating_conditions,N_PV_inServ,190,
,,,Q_ctrlMode,1,
,,,Reactive_ref,-0.359177936,pu
,,,P_ctrlMode,2,
,,,Active_ref,0.6169,pu
PFV_SAN_ANDRES,WECC,Photovoltaic_park_parameters,N_PV_arrays,35,
,,,Frequency,50,Hz
,,,Collector_grid_nominal_voltage,23,kVRMSLL
,,,Tx_grid_nominal_voltage(POI),220,kVRMSLL
,,,Include_ZigZag_transformer_option,,
,,,R_ZigZag,0.1265,Ohm
,,,L_ZigZag,0.3831e-3,H
,,Single_pv_array,S_spv,1.445,MVA
,,,Inverter_nominal_voltage,0.4,kVRMSLL
,,,DC_voltage,1.264,kVRMSLL
,,,Q_filt,15,kVAR
,,,R_Choke,0.01,pu
,,,L_Choke,0.15,pu
,,Collector_grid,Inc_collector,1,
,,,R_collector,0.0124,Ohm
,,,L_collector,8.9763e-5,H
,,,C_collector,3.6e-6,F
,,Operating_conditions,N_PV_inServ,35,
,,,Q_ctrlMode,1,
,,,Reactive_ref,-0.122590213,pu
,,,P_ctrlMode,2,
,,,Active_ref,0.6169,pu
PFV_LLANO_DE_LLAMPOS,WECC,Photovoltaic_park_parameters,N_PV_arrays,66,
,,,Frequency,50,Hz
,,,Collector_grid_nominal_voltage,34.5,kVRMSLL
,,,Tx_grid_nominal_voltage(POI),220,kVRMSLL
,,,Include_ZigZag_transformer_option,1,
,,,R_ZigZag,0.01265,Ohm
,,,L_ZigZag,0.3831e-3,H
,,Single_pv_array,S_spv,1.667,MVA
,,,Inverter_nominal_voltage,0.575,kVRMSLL
,,,DC_voltage,1.264,kVRMSLL
,,,Q_filt,15,kVAR
,,,R_Choke,0.01,pu
,,,L_Choke,0.15,pu
,,Collector_grid,Inc_collector,,
,,,R_collector,0.1265,Ohm
,,,L_collector,0.3831e-3,H
,,,C_collector,7e-6,F
,,Operating_conditions,N_PV_inServ,66,
,,,Q_ctrlMode,1,
,,,Reactive_ref,-0.317209285,pu
,,,P_ctrlMode,2,
,,,Active_ref,0.6169,pu
PFV_GUANCHOI,WECC,Photovoltaic_park_parameters,N_PV_arrays,30,
,,,Frequency,50,Hz
,,,Collector_grid_nominal_voltage,34.5,kVRMSLL
,,,Tx_grid_nominal_voltage(POI),220,kVRMSLL
,,,Include_ZigZag_transformer_option,1,
,,,R_ZigZag,0.01,Ohm
,,,L_ZigZag,0.036391861,H
,,Single_pv_array,S_spv,1.667,MVA
,,,Inverter_nominal_voltage,0.575,kVRMSLL
,,,DC_voltage,1.2624,kVRMSLL
,,,Q_filt,15,kVAR
,,,R_Choke,0.01,pu
,,,L_Choke,0.15,pu
,,Collector_grid,Inc_collector,,
,,,R_collector,0.019721,Ohm
,,,L_collector,0.079838e-3,H
,,,C_collector,2.365165e-6,F
,,Operating_conditions,N_PV_inServ,30,
,,,Q_ctrlMode,1,
,,,Reactive_ref,0.145970806,pu
,,,P_ctrlMode,2,
,,,Active_ref,0.6169,pu
PFV_DIEGO_DE_ALMAGRO_SUR,WECC,Photovoltaic_park_parameters,N_PV_arrays,46,
,,,Frequency,50,Hz
,,,Collector_grid_nominal_voltage,33,kVRMSLL
,,,Tx_grid_nominal_voltage(POI),220,kVRMSLL
,,,Include_ZigZag_transformer_option,1,
,,,R_ZigZag,18.6,Ohm
,,,L_ZigZag,0,H
,,Single_pv_array,S_spv,4.6,MVA
,,,Inverter_nominal_voltage,0.69,kVRMSLL
,,,DC_voltage,1.264,kVRMSLL
,,,Q_filt,15,kVAR
,,,R_Choke,0.01,pu
,,,L_Choke,0.15,pu
,,Collector_grid,Inc_collector,,
,,,R_collector,0.005565,Ohm
,,,L_collector,2.8632e-5,H
,,,C_collector,15.2788e-6,F
,,Operating_conditions,N_PV_inServ,46,
,,,Q_ctrlMode,1,
,,,Reactive_ref,0.065217391,pu
,,,P_ctrlMode,2,
,,,Active_ref,0.6169,pu
PFV_CAMPOS_DEL_SOL,WECC,Photovoltaic_park_parameters,N_PV_arrays,245,
,,,Frequency,50,Hz
,,,Collector_grid_nominal_voltage,34.5,kVRMSLL
,,,Tx_grid_nominal_voltage(POI),220,kVRMSLL
,,,Include_ZigZag_transformer_option,,
,,,R_ZigZag,0,Ohm
,,,L_ZigZag,0.281163122e-3,H
,,Single_pv_array,S_spv,1.667,MVA
,,,Inverter_nominal_voltage,0.575,kVRMSLL
,,,DC_voltage,1.264,kVRMSLL
,,,Q_filt,15,kVAR
,,,R_Choke,0.01,pu
,,,L_Choke,0.15,pu
,,Collector_grid,Inc_collector,,
,,,R_collector,0.1265,Ohm
,,,L_collector,0.3831e-3,H
,,,C_collector,7e-6,F
,,Operating_conditions,N_PV_inServ,245,
,,,Q_ctrlMode,1,
,,,Reactive_ref,-0.121934797,pu
,,,P_ctrlMode,2,
,,,Active_ref,0.6169,pu
PFV_LUZ_DEL_NORTE,WECC,Photovoltaic_park_parameters,N_PV_arrays,172,
,,,Frequency,50,Hz
,,,Collector_grid_nominal_voltage,23,kVRMSLL
,,,Tx_grid_nominal_voltage(POI),220,kVRMSLL
,,,Include_ZigZag_transformer_option,1,
,,,R_ZigZag,0.1265,Ohm
,,,L_ZigZag,0.3831e-3,H
,,Single_pv_array,S_spv,0.88,MVA
,,,Inverter_nominal_voltage,0.36,kVRMSLL
,,,DC_voltage,1.264,kVRMSLL
,,,Q_filt,10,kVAR
,,,R_Choke,0.01,pu
,,,L_Choke,0.15,pu
,,Collector_grid,Inc_collector,,
,,,R_collector,0.0221,Ohm
,,,L_collector,0.0386e-3,H
,,,C_collector,4.1593e-6,F
,,Operating_conditions,N_PV_inServ,172,
,,,Q_ctrlMode,1,
,,,Reactive_ref,0,pu
,,,P_ctrlMode,2,
,,,Active_ref,0.6169,pu
PFV_MALGARIDA_I_II,WECC,Photovoltaic_park_parameters,N_PV_arrays,142,
,,,Frequency,50,Hz
,,,Collector_grid_nominal_voltage,33,kVRMSLL
,,,Tx_grid_nominal_voltage(POI),220,kVRMSLL
,,,Include_ZigZag_transformer_option,1,
,,,R_ZigZag,0.01,Ohm
,,,L_ZigZag,0.3,H
,,Single_pv_array,S_spv,1.637,MVA
,,,Inverter_nominal_voltage,0.63,kVRMSLL
,,,DC_voltage,1.264,kVRMSLL
,,,Q_filt,15,kVAR
,,,R_Choke,0.005,pu
,,,L_Choke,0.15,pu
,,Collector_grid,Inc_collector,,
,,,R_collector,0.01064,Ohm
,,,L_collector,4.883e-5,H
,,,C_collector,1e-7,F
,,Operating_conditions,N_PV_inServ,142,
,,,Q_ctrlMode,1,
,,,Reactive_ref,-0.070981786,pu
,,,P_ctrlMode,2,
,,,Active_ref,0.6169,pu
PFV_ALMEYDA,WECC,Photovoltaic_park_parameters,N_PV_arrays,1,
,,,Frequency,50,Hz
,,,Collector_grid_nominal_voltage,33,kVRMSLL
,,,Tx_grid_nominal_voltage(POI),220,kVRMSLL
,,,Include_ZigZag_transformer_option,,
,,,R_ZigZag,0,Ohm
,,,L_ZigZag,0.281163122e-3,H
,,Single_pv_array,S_spv,60.5,MVA
,,,Inverter_nominal_voltage,0.66,kVRMSLL
,,,DC_voltage,1.264,kVRMSLL
,,,Q_filt,10,kVAR
,,,R_Choke,0.01,pu
,,,L_Choke,0.15,pu
,,Collector_grid,Inc_collector,1,
,,,R_collector,0.04001,Ohm
,,,L_collector,0.1502104353e-3,H
,,,C_collector,1.660941e-6,F
,,Operating_conditions,N_PV_inServ,1,
,,,Q_ctrlMode,1,
,,,Reactive_ref,-0.069421488,pu
,,,P_ctrlMode,2,
,,,Active_ref,0.6169,pu
PV_PAMPA_TIGRE,WECC,Photovoltaic_park_parameters,N_PV_arrays,100,
,,,Frequency,50,Hz
,,,Collector_grid_nominal_voltage,33,kVRMSLL
,,,Tx_grid_nominal_voltage(POI),220,kVRMSLL
,,,Include_ZigZag_transformer_option,1,
,,,R_ZigZag,0.1,Ohm
,,,L_ZigZag,0.36386,H
,,Single_pv_array,S_spv,1.089,MVA
,,,Inverter_nominal_voltage,0.66,kVRMSLL
,,,DC_voltage,1.264,kVRMSLL
,,,Q_filt,15,kVAR
,,,R_Choke,0.01,pu
,,,L_Choke,0.15,pu
,,Collector_grid,Inc_collector,,
,,,R_collector,0.02026,Ohm
,,,L_collector,6.039e-5,H
,,,C_collector,4.03197e-6,F
,,Operating_conditions,N_PV_inServ,100,
,,,Q_ctrlMode,1,
,,,Reactive_ref,-0.157943067,pu
,,,P_ctrlMode,2,
,,,Active_ref,0.6169,pu
PFV_Andes_Solar,WECC,Photovoltaic_park_parameters,N_PV_arrays,40,
,,,Frequency,50,Hz
,,,Collector_grid_nominal_voltage,23,kVRMSLL
,,,Tx_grid_nominal_voltage(POI),220,kVRMSLL
,,,Include_ZigZag_transformer_option,,
,,,R_ZigZag,0.1265,Ohm
,,,L_ZigZag,0.3831e-3,H
,,Single_pv_array,S_spv,1.453,MVA
,,,Inverter_nominal_voltage,0.4,kVRMSLL
,,,DC_voltage,1.264,kVRMSLL
,,,Q_filt,15,kVAR
,,,R_Choke,0.01,pu
,,,L_Choke,0.15,pu
,,Collector_grid,Inc_collector,1,
,,,R_collector,0.02966,Ohm
,,,L_collector,0.1047812483e-3,H
,,,C_collector,0.117965652e-6,F
,,Operating_conditions,N_PV_inServ,40,
,,,Q_ctrlMode,1,
,,,Reactive_ref,-0.106847901,pu
,,,P_ctrlMode,2,
,,,Active_ref,0.6169,pu
PFV_UribeSolar,WECC,Photovoltaic_park_parameters,N_PV_arrays,32,
,,,Frequency,50,Hz
,,,Collector_grid_nominal_voltage,34.5,kVRMSLL
,,,Tx_grid_nominal_voltage(POI),110,kVRMSLL
,,,Include_ZigZag_transformer_option,1,
,,,R_ZigZag,0.01,Ohm
,,,L_ZigZag,0.3,H
,,Single_pv_array,S_spv,1.667,MVA
,,,Inverter_nominal_voltage,0.575,kVRMSLL
,,,DC_voltage,1.25,kVRMSLL
,,,Q_filt,15,kVAR
,,,R_Choke,0.01,pu
,,,L_Choke,0.15,pu
,,Collector_grid,Inc_collector,,
,,,R_collector,0.015216,Ohm
,,,L_collector,4.7361e-05,H
,,,C_collector,3.7862e-6,F
,,Operating_conditions,N_PV_inServ,32,
,,,Q_ctrlMode,1,
,,,Reactive_ref,-0.101229754,pu
,,,P_ctrlMode,2,
,,,Active_ref,0.6169,pu
PFV_Bolero,WECC,Photovoltaic_park_parameters,N_PV_arrays,94,
,,,Frequency,50,Hz
,,,Collector_grid_nominal_voltage,33,kVRMSLL
,,,Tx_grid_nominal_voltage(POI),220,kVRMSLL
,,,Include_ZigZag_transformer_option,1,
,,,R_ZigZag,0.1265,Ohm
,,,L_ZigZag,0.3,H
,,Single_pv_array,S_spv,1.56,MVA
,,,Inverter_nominal_voltage,0.69,kVRMSLL
,,,DC_voltage,1.264,kVRMSLL
,,,Q_filt,10,kVAR
,,,R_Choke,0.01,pu
,,,L_Choke,0.15,pu
,,Collector_grid,Inc_collector,,
,,,R_collector,0.0254,Ohm
,,,L_collector,0.241278e-3,H
,,,C_collector,9.1085e-6,F
,,Operating_conditions,N_PV_inServ,94,
,,,Q_ctrlMode,1,
,,,Reactive_ref,-0.36756683,pu
,,,P_ctrlMode,2,
,,,Active_ref,0.6169,pu
PFV_Cerro_Dominador,WECC,Photovoltaic_park_parameters,N_PV_arrays,66,
,,,Frequency,50,Hz
,,,Collector_grid_nominal_voltage,34.5,kVRMSLL
,,,Tx_grid_nominal_voltage(POI),220,kVRMSLL
,,,Include_ZigZag_transformer_option,1,
,,,R_ZigZag,0.1265,Ohm
,,,L_ZigZag,0.3831e-3,H
,,Single_pv_array,S_spv,1.667,MVA
,,,Inverter_nominal_voltage,0.575,kVRMSLL
,,,DC_voltage,1.264,kVRMSLL
,,,Q_filt,10,kVAR
,,,R_Choke,0.01,pu
,,,L_Choke,0.15,pu
,,Collector_grid,Inc_collector,,
,,,R_collector,0.1265,Ohm
,,,L_collector,0.3831e-3,H
,,,C_collector,7e-6,F
,,Operating_conditions,N_PV_inServ,66,
,,,Q_ctrlMode,1,
,,,Reactive_ref,0.030993801,pu
,,,P_ctrlMode,2,
,,,Active_ref,0.6169,pu
PFV_TamayaSolar,WECC,Photovoltaic_park_parameters,N_PV_arrays,69,
,,,Frequency,50,Hz
,,,Collector_grid_nominal_voltage,34.5,kVRMSLL
,,,Tx_grid_nominal_voltage(POI),110,kVRMSLL
,,,Include_ZigZag_transformer_option,1,
,,,R_ZigZag,0.01,Ohm
,,,L_ZigZag,0.3,H
,,Single_pv_array,S_spv,1.667,MVA
,,,Inverter_nominal_voltage,0.575,kVRMSLL
,,,DC_voltage,1.26,kVRMSLL
,,,Q_filt,15,kVAR
,,,R_Choke,0.01,pu
,,,L_Choke,0.15,pu
,,Collector_grid,Inc_collector,,
,,,R_collector,0.015216,Ohm
,,,L_collector,4.7361e-05,H
,,,C_collector,3.7862e-6,F
,,Operating_conditions,N_PV_inServ,69,
,,,Q_ctrlMode,1,
,,,Reactive_ref,-0.206045747,pu
,,,P_ctrlMode,2,
,,,Active_ref,0.6169,pu
PFV_Finis_Terrae_I,WECC,Photovoltaic_park_parameters,N_PV_arrays,48,
,,,Frequency,50,Hz
,,,Collector_grid_nominal_voltage,34.5,kVRMSLL
,,,Tx_grid_nominal_voltage(POI),220,kVRMSLL
,,,Include_ZigZag_transformer_option,1,
,,,R_ZigZag,0.1265,Ohm
,,,L_ZigZag,0.3,H
,,Single_pv_array,S_spv,1.667,MVA
,,,Inverter_nominal_voltage,0.575,kVRMSLL
,,,DC_voltage,1.264,kVRMSLL
,,,Q_filt,15,kVAR
,,,R_Choke,0.001,pu
,,,L_Choke,0.15,pu
,,Collector_grid,Inc_collector,,
,,,R_collector,0.0764,Ohm
,,,L_collector,0.113318e-3,H
,,,C_collector,1.8e-6,F
,,Operating_conditions,N_PV_inServ,48,
,,,Q_ctrlMode,1,
,,,Reactive_ref,-0.159968006,pu
,,,P_ctrlMode,2,
,,,Active_ref,0.6169,pu
PFV_Finis_Terrae_II,WECC,Photovoltaic_park_parameters,N_PV_arrays,48,
,,,Frequency,50,Hz
,,,Collector_grid_nominal_voltage,34.5,kVRMSLL
,,,Tx_grid_nominal_voltage(POI),220,kVRMSLL
,,,Include_ZigZag_transformer_option,1,
,,,R_ZigZag,0.1265,Ohm
,,,L_ZigZag,0.3,H
,,Single_pv_array,S_spv,1.667,MVA
,,,Inverter_nominal_voltage,0.575,kVRMSLL
,,,DC_voltage,1.264,kVRMSLL
,,,Q_filt,15,kVAR
,,,R_Choke,0.001,pu
,,,L_Choke,0.15,pu
,,Collector_grid,Inc_collector,,
,,,R_collector,0.0764,Ohm
,,,L_collector,0.113318e-3,H
,,,C_collector,1.8e-6,F
,,Operating_conditions,N_PV_inServ,48,
,,,Q_ctrlMode,1,
,,,Reactive_ref,-0.140596881,pu
,,,P_ctrlMode,2,
,,,Active_ref,0.6169,pu
PFV_Usya_AzaBache,WECC,Photovoltaic_park_parameters,N_PV_arrays,69,
,,,Frequency,50,Hz
,,,Collector_grid_nominal_voltage,34.5,kVRMSLL
,,,Tx_grid_nominal_voltage(POI),110,kVRMSLL
,,,Include_ZigZag_transformer_option,1,
,,,R_ZigZag,0.01,Ohm
,,,L_ZigZag,0.3,H
,,Single_pv_array,S_spv,1.667,MVA
,,,Inverter_nominal_voltage,0.575,kVRMSLL
,,,DC_voltage,1.26,kVRMSLL
,,,Q_filt,15,kVAR
,,,R_Choke,0.01,pu
,,,L_Choke,0.15,pu
,,Collector_grid,Inc_collector,,
,,,R_collector,0.015216,Ohm
,,,L_collector,4.7361e-05,H
,,,C_collector,3.7862e-6,F
,,Operating_conditions,N_PV_inServ,69,
,,,Q_ctrlMode,1,
,,,Reactive_ref,-0.109021674,pu
,,,P_ctrlMode,2,
,,,Active_ref,0.6169,pu
PFV_Sol_del_Desierto_II,WECC,Photovoltaic_park_parameters,N_PV_arrays,72,
,,,Frequency,50,Hz
,,,Collector_grid_nominal_voltage,33,kVRMSLL
,,,Tx_grid_nominal_voltage(POI),220,kVRMSLL
,,,Include_ZigZag_transformer_option,1,
,,,R_ZigZag,0.01,Ohm
,,,L_ZigZag,0.281163122e-3,H
,,Single_pv_array,S_spv,3.437,MVA
,,,Inverter_nominal_voltage,0.6,kVRMSLL
,,,DC_voltage,1.264,kVRMSLL
,,,Q_filt,15,kVAR
,,,R_Choke,0.01,pu
,,,L_Choke,0.15,pu
,,Collector_grid,Inc_collector,,
,,,R_collector,0.018046,Ohm
,,,L_collector,0.1128472e-3,H
,,,C_collector,12.525e-6,F
,,Operating_conditions,N_PV_inServ,72,
,,,Q_ctrlMode,1,
,,,Reactive_ref,-0.108015711,pu
,,,P_ctrlMode,2,
,,,Active_ref,0.6169,pu
PFV_San_Pedro,WECC,Photovoltaic_park_parameters,N_PV_arrays,70,
,,,Frequency,50,Hz
,,,Collector_grid_nominal_voltage,33,kVRMSLL
,,,Tx_grid_nominal_voltage(POI),220,kVRMSLL
,,,Include_ZigZag_transformer_option,1,
,,,R_ZigZag,0.1265,Ohm
,,,L_ZigZag,0.3,H
,,Single_pv_array,S_spv,1.637,MVA
,,,Inverter_nominal_voltage,0.575,kVRMSLL
,,,DC_voltage,1.264,kVRMSLL
,,,Q_filt,10,kVAR
,,,R_Choke,0.01,pu
,,,L_Choke,0.15,pu
,,Collector_grid,Inc_collector,,
,,,R_collector,0.1265,Ohm
,,,L_collector,0.3831e-3,H
,,,C_collector,7e-6,F
,,Operating_conditions,N_PV_inServ,70,
,,,Q_ctrlMode,1,
,,,Reactive_ref,0.010733921,pu
,,,P_ctrlMode,2,
,,,Active_ref,0.6169,pu
PFV_Andes_Solar_IIA,WECC,Photovoltaic_park_parameters,N_PV_arrays,21,
,,,Frequency,50,Hz
,,,Collector_grid_nominal_voltage,23,kVRMSLL
,,,Tx_grid_nominal_voltage(POI),220,kVRMSLL
,,,Include_ZigZag_transformer_option,1,
,,,R_ZigZag,0.1,Ohm
,,,L_ZigZag,0.3638,H
,,Single_pv_array,S_spv,4.015,MVA
,,,Inverter_nominal_voltage,0.62,kVRMSLL
,,,DC_voltage,1.264,kVRMSLL
,,,Q_filt,0.25,MVAR
,,,R_Choke,0.01,pu
,,,L_Choke,0.15,pu
,,Collector_grid,Inc_collector,,
,,,R_collector,0.010727,Ohm
,,,L_collector,0.195588858e-3,H
,,,C_collector,3.019974e-6,F
,,Operating_conditions,N_PV_inServ,21,
,,,Q_ctrlMode,1,
,,,Reactive_ref,-0.090138172,pu
,,,P_ctrlMode,2,
,,,Active_ref,0.6169,pu
PFV_iem_ten,WECC,Photovoltaic_park_parameters,N_PV_arrays,94,
,,,Frequency,50,Hz
,,,Collector_grid_nominal_voltage,33,kVRMSLL
,,,Tx_grid_nominal_voltage(POI),220,kVRMSLL
,,,Include_ZigZag_transformer_option,1,
,,,R_ZigZag,0.1265,Ohm
,,,L_ZigZag,0.3831e-3,H
,,Single_pv_array,S_spv,1.56,MVA
,,,Inverter_nominal_voltage,0.69,kVRMSLL
,,,DC_voltage,1.264,kVRMSLL
,,,Q_filt,10,kVAR
,,,R_Choke,0.01,pu
,,,L_Choke,0.15,pu
,,Collector_grid,Inc_collector,,
,,,R_collector,0.0254,Ohm
,,,L_collector,0.241278e-3,H
,,,C_collector,9.1085e-6,F
,,Operating_conditions,N_PV_inServ,70,
,,,Q_ctrlMode,1,
,,,Reactive_ref,-0.2,pu
,,,P_ctrlMode,2,
,,,Active_ref,0.92,pu
PFV_COCHRANE,WECC,Photovoltaic_park_parameters,N_PV_arrays,94,
,,,Frequency,50,Hz
,,,Collector_grid_nominal_voltage,33,kVRMSLL
,,,Tx_grid_nominal_voltage(POI),220,kVRMSLL
,,,Include_ZigZag_transformer_option,1,
,,,R_ZigZag,0.1265,Ohm
,,,L_ZigZag,0.3831e-3,H
,,Single_pv_array,S_spv,1.56,MVA
,,,Inverter_nominal_voltage,0.69,kVRMSLL
,,,DC_voltage,1.264,kVRMSLL
,,,Q_filt,10,kVAR
,,,R_Choke,0.01,pu
,,,L_Choke,0.15,pu
,,Collector_grid,Inc_collector,,
,,,R_collector,0.0254,Ohm
,,,L_collector,0.241278e-3,H
,,,C_collector,9.1085e-6,F
,,Operating_conditions,N_PV_inServ,70,
,,,Q_ctrlMode,1,
,,,Reactive_ref,-0.55,pu
,,,P_ctrlMode,2,
,,,Active_ref,0.92,pu
PFV_KAPATUIR,WECC,Photovoltaic_park_parameters,N_PV_arrays,115,
,,,Frequency,50,Hz
,,,Collector_grid_nominal_voltage,33,kVRMSLL
,,,Tx_grid_nominal_voltage(POI),220,kVRMSLL
,,,Include_ZigZag_transformer_option,1,
,,,R_ZigZag,0.1265,Ohm
,,,L_ZigZag,0.3831e-3,H
,,Single_pv_array,S_spv,1.56,MVA
,,,Inverter_nominal_voltage,0.69,kVRMSLL
,,,DC_voltage,1.264,kVRMSLL
,,,Q_filt,10,kVAR
,,,R_Choke,0.01,pu
,,,L_Choke,0.15,pu
,,Collector_grid,Inc_collector,,
,,,R_collector,0.0254,Ohm
,,,L_collector,0.241278e-3,H
,,,C_collector,9.1085e-6,F
,,Operating_conditions,N_PV_inServ,35,
,,,Q_ctrlMode,1,
,,,Reactive_ref,-0.3,pu
,,,P_ctrlMode,2,
,,,Active_ref,0.92,pu
PFV_NCHUQUI,WECC,Photovoltaic_park_parameters,N_PV_arrays,72,
,,,Frequency,50,Hz
,,,Collector_grid_nominal_voltage,33,kVRMSLL
,,,Tx_grid_nominal_voltage(POI),220,kVRMSLL
,,,Include_ZigZag_transformer_option,,
,,,R_ZigZag,0.01,Ohm
,,,L_ZigZag,0.281163122e-3,H
,,Single_pv_array,S_spv,3.437,MVA
,,,Inverter_nominal_voltage,0.6,kVRMSLL
,,,DC_voltage,1.264,kVRMSLL
,,,Q_filt,15,kVAR
,,,R_Choke,0.01,pu
,,,L_Choke,0.15,pu
,,Collector_grid,Inc_collector,,
,,,R_collector,0.018046,Ohm
,,,L_collector,0.1128472e-3,H
,,,C_collector,12.525e-6,F
,,Operating_conditions,N_PV_inServ,30,
,,,Q_ctrlMode,2,
,,,Reactive_ref,0,pu
,,,P_ctrlMode,2,
,,,Active_ref,0.97,pu
PFV_IEM_TEN,WECC,Photovoltaic_park_parameters,N_PV_arrays,72,
,,,Frequency,50,Hz
,,,Collector_grid_nominal_voltage,33,kVRMSLL
,,,Tx_grid_nominal_voltage(POI),220,kVRMSLL
,,,Include_ZigZag_transformer_option,,
,,,R_ZigZag,0.01,Ohm
,,,L_ZigZag,0.281163122e-3,H
,,Single_pv_array,S_spv,3.437,MVA
,,,Inverter_nominal_voltage,0.6,kVRMSLL
,,,DC_voltage,1.264,kVRMSLL
,,,Q_filt,15,kVAR
,,,R_Choke,0.01,pu
,,,L_Choke,0.15,pu
,,Collector_grid,Inc_collector,,
,,,R_collector,0.018046,Ohm
,,,L_collector,0.1128472e-3,H
,,,C_collector,12.525e-6,F
,,Operating_conditions,N_PV_inServ,30,
,,,Q_ctrlMode,1,
,,,Reactive_ref,-0.21,pu
,,,P_ctrlMode,2,
,,,Active_ref,0.974,pu
PFV_PALM_HUAYCA,WECC,Photovoltaic_park_parameters,N_PV_arrays,30,
,,,Frequency,50,Hz
,,,Collector_grid_nominal_voltage,34.5,kVRMSLL
,,,Tx_grid_nominal_voltage(POI),220,kVRMSLL
,,,Include_ZigZag_transformer_option,1,
,,,R_ZigZag,0.1265,Ohm
,,,L_ZigZag,0.3831e-3,H
,,Single_pv_array,S_spv,1.667,MVA
,,,Inverter_nominal_voltage,0.575,kVRMSLL
,,,DC_voltage,1.264,kVRMSLL
,,,Q_filt,15,kVAR
,,,R_Choke,0.01,pu
,,,L_Choke,0.15,pu
,,Collector_grid,Inc_collector,,
,,,R_collector,0.01011,Ohm
,,,L_collector,0.1682904368e-3,H
,,,C_collector,0.02177914e-6,F
,,Operating_conditions,N_PV_inServ,30,
,,,Q_ctrlMode,1,
,,,Reactive_ref,0,pu
,,,P_ctrlMode,2,
,,,Active_ref,0.6169,pu
PMGD_PFV_Lagunas220,WECC,Photovoltaic_park_parameters,N_PV_arrays,54,
,,,Frequency,50,Hz
,,,Collector_grid_nominal_voltage,33,kVRMSLL
,,,Tx_grid_nominal_voltage(POI),220,kVRMSLL
,,,Include_ZigZag_transformer_option,1,
,,,R_ZigZag,0.1265,Ohm
,,,L_ZigZag,0.3831e-3,H
,,Single_pv_array,S_spv,1,MVA
,,,Inverter_nominal_voltage,0.575,kVRMSLL
,,,DC_voltage,1.264,kVRMSLL
,,,Q_filt,15,kVAR
,,,R_Choke,0.01,pu
,,,L_Choke,0.15,pu
,,Collector_grid,Inc_collector,,
,,,R_collector,0.1265,Ohm
,,,L_collector,0.3831e-3,H
,,,C_collector,7e-6,F
,,Operating_conditions,N_PV_inServ,54,
,,,Q_ctrlMode,1,
,,,Reactive_ref,0,pu
,,,P_ctrlMode,2,
,,,Active_ref,0.001,pu
PMGD_PFV_PAlmonte110,WECC,Photovoltaic_park_parameters,N_PV_arrays,108,
,,,Frequency,50,Hz
,,,Collector_grid_nominal_voltage,33,kVRMSLL
,,,Tx_grid_nominal_voltage(POI),220,kVRMSLL
,,,Include_ZigZag_transformer_option,1,
,,,R_ZigZag,0.1265,Ohm
,,,L_ZigZag,0.3831e-3,H
,,Single_pv_array,S_spv,1,MVA
,,,Inverter_nominal_voltage,0.575,kVRMSLL
,,,DC_voltage,1.264,kVRMSLL
,,,Q_filt,15,kVAR
,,,R_Choke,0.01,pu
,,,L_Choke,0.15,pu
,,Collector_grid,Inc_collector,,
,,,R_collector,0.1265,Ohm
,,,L_collector,0.3831e-3,H
,,,C_collector,7e-6,F
,,Operating_conditions,N_PV_inServ,108,
,,,Q_ctrlMode,1,
,,,Reactive_ref,0,pu
,,,P_ctrlMode,2,
,,,Active_ref,0.001,pu
PMGD_PFV_Calama220,WECC,Photovoltaic_park_parameters,N_PV_arrays,66,
,,,Frequency,50,Hz
,,,Collector_grid_nominal_voltage,33,kVRMSLL
,,,Tx_grid_nominal_voltage(POI),220,kVRMSLL
,,,Include_ZigZag_transformer_option,1,
,,,R_ZigZag,0.1265,Ohm
,,,L_ZigZag,0.3831e-3,H
,,Single_pv_array,S_spv,1,MVA
,,,Inverter_nominal_voltage,0.575,kVRMSLL
,,,DC_voltage,1.264,kVRMSLL
,,,Q_filt,15,kVAR
,,,R_Choke,0.01,pu
,,,L_Choke,0.15,pu
,,Collector_grid,Inc_collector,,
,,,R_collector,0.1265,Ohm
,,,L_collector,0.3831e-3,H
,,,C_collector,7e-6,F
,,Operating_conditions,N_PV_inServ,66,
,,,Q_ctrlMode,1,
,,,Reactive_ref,0,pu
,,,P_ctrlMode,2,
,,,Active_ref,0.001,pu
PMGD_PFV_Crucero220,WECC,Photovoltaic_park_parameters,N_PV_arrays,34,
,,,Frequency,50,Hz
,,,Collector_grid_nominal_voltage,33,kVRMSLL
,,,Tx_grid_nominal_voltage(POI),220,kVRMSLL
,,,Include_ZigZag_transformer_option,1,
,,,R_ZigZag,0.1265,Ohm
,,,L_ZigZag,0.3831e-3,H
,,Single_pv_array,S_spv,1,MVA
,,,Inverter_nominal_voltage,0.575,kVRMSLL
,,,DC_voltage,1.264,kVRMSLL
,,,Q_filt,15,kVAR
,,,R_Choke,0.01,pu
,,,L_Choke,0.15,pu
,,Collector_grid,Inc_collector,,
,,,R_collector,0.1265,Ohm
,,,L_collector,0.3831e-3,H
,,,C_collector,7e-6,F
,,Operating_conditions,N_PV_inServ,34,
,,,Q_ctrlMode,1,
,,,Reactive_ref,0,pu
,,,P_ctrlMode,2,
,,,Active_ref,0.001,pu
PMGD_PFV_Esmeralda110,WECC,Photovoltaic_park_parameters,N_PV_arrays,71,
,,,Frequency,50,Hz
,,,Collector_grid_nominal_voltage,33,kVRMSLL
,,,Tx_grid_nominal_voltage(POI),110,kVRMSLL
,,,Include_ZigZag_transformer_option,1,
,,,R_ZigZag,0.1265,Ohm
,,,L_ZigZag,0.3831e-3,H
,,Single_pv_array,S_spv,1,MVA
,,,Inverter_nominal_voltage,0.575,kVRMSLL
,,,DC_voltage,1.264,kVRMSLL
,,,Q_filt,15,kVAR
,,,R_Choke,0.01,pu
,,,L_Choke,0.15,pu
,,Collector_grid,Inc_collector,,
,,,R_collector,0.1265,Ohm
,,,L_collector,0.3831e-3,H
,,,C_collector,7e-6,F
,,Operating_conditions,N_PV_inServ,71,
,,,Q_ctrlMode,1,
,,,Reactive_ref,0,pu
,,,P_ctrlMode,2,
,,,Active_ref,0.001,pu
PMGD_PFV_Cardones110,WECC,Photovoltaic_park_parameters,N_PV_arrays,138,
,,,Frequency,50,Hz
,,,Collector_grid_nominal_voltage,33,kVRMSLL
,,,Tx_grid_nominal_voltage(POI),220,kVRMSLL
,,,Include_ZigZag_transformer_option,1,
,,,R_ZigZag,0.1265,Ohm
,,,L_ZigZag,0.3831e-3,H
,,Single_pv_array,S_spv,1,MVA
,,,Inverter_nominal_voltage,0.575,kVRMSLL
,,,DC_voltage,1.264,kVRMSLL
,,,Q_filt,15,kVAR
,,,R_Choke,0.01,pu
,,,L_Choke,0.15,pu
,,Collector_grid,Inc_collector,,
,,,R_collector,0.1265,Ohm
,,,L_collector,0.3831e-3,H
,,,C_collector,7e-6,F
,,Operating_conditions,N_PV_inServ,138,
,,,Q_ctrlMode,1,
,,,Reactive_ref,0,pu
,,,P_ctrlMode,2,
,,,Active_ref,0.001,pu
PMGD_PFV_DAlmagro110,WECC,Photovoltaic_park_parameters,N_PV_arrays,41,
,,,Frequency,50,Hz
,,,Collector_grid_nominal_voltage,33,kVRMSLL
,,,Tx_grid_nominal_voltage(POI),110,kVRMSLL
,,,Include_ZigZag_transformer_option,1,
,,,R_ZigZag,0.1265,Ohm
,,,L_ZigZag,0.3831e-3,H
,,Single_pv_array,S_spv,1,MVA
,,,Inverter_nominal_voltage,0.575,kVRMSLL
,,,DC_voltage,1.264,kVRMSLL
,,,Q_filt,15,kVAR
,,,R_Choke,0.01,pu
,,,L_Choke,0.15,pu
,,Collector_grid,Inc_collector,,
,,,R_collector,0.1265,Ohm
,,,L_collector,0.3831e-3,H
,,,C_collector,7e-6,F
,,Operating_conditions,N_PV_inServ,41,
,,,Q_ctrlMode,1,
,,,Reactive_ref,0,pu
,,,P_ctrlMode,2,
,,,Active_ref,0.001,pu
PMGD_PFV_Maitencillo110,WECC,Photovoltaic_park_parameters,N_PV_arrays,38,
,,,Frequency,50,Hz
,,,Collector_grid_nominal_voltage,33,kVRMSLL
,,,Tx_grid_nominal_voltage(POI),220,kVRMSLL
,,,Include_ZigZag_transformer_option,1,
,,,R_ZigZag,0.1265,Ohm
,,,L_ZigZag,0.3831e-3,H
,,Single_pv_array,S_spv,1,MVA
,,,Inverter_nominal_voltage,0.575,kVRMSLL
,,,DC_voltage,1.264,kVRMSLL
,,,Q_filt,15,kVAR
,,,R_Choke,0.01,pu
,,,L_Choke,0.15,pu
,,Collector_grid,Inc_collector,,
,,,R_collector,0.1265,Ohm
,,,L_collector,0.3831e-3,H
,,,C_collector,7e-6,F
,,Operating_conditions,N_PV_inServ,38,
,,,Q_ctrlMode,1,
,,,Reactive_ref,0,pu
,,,P_ctrlMode,2,
,,,Active_ref,0.001,pu
PMGD_PFV_Quillota110,WECC,Photovoltaic_park_parameters,N_PV_arrays,52,
,,,Frequency,50,Hz
,,,Collector_grid_nominal_voltage,33,kVRMSLL
,,,Tx_grid_nominal_voltage(POI),220,kVRMSLL
,,,Include_ZigZag_transformer_option,1,
,,,R_ZigZag,0.1265,Ohm
,,,L_ZigZag,0.3831e-3,H
,,Single_pv_array,S_spv,1,MVA
,,,Inverter_nominal_voltage,0.575,kVRMSLL
,,,DC_voltage,1.264,kVRMSLL
,,,Q_filt,15,kVAR
,,,R_Choke,0.01,pu
,,,L_Choke,0.15,pu
,,Collector_grid,Inc_collector,,
,,,R_collector,0.1265,Ohm
,,,L_collector,0.3831e-3,H
,,,C_collector,7e-6,F
,,Operating_conditions,N_PV_inServ,52,
,,,Q_ctrlMode,1,
,,,Reactive_ref,0,pu
,,,P_ctrlMode,2,
,,,Active_ref,0.001,pu
PMGD_PFV_ElPenon110,WECC,Photovoltaic_park_parameters,N_PV_arrays,215,
,,,Frequency,50,Hz
,,,Collector_grid_nominal_voltage,33,kVRMSLL
,,,Tx_grid_nominal_voltage(POI),220,kVRMSLL
,,,Include_ZigZag_transformer_option,1,
,,,R_ZigZag,0.1265,Ohm
,,,L_ZigZag,0.3831e-3,H
,,Single_pv_array,S_spv,1,MVA
,,,Inverter_nominal_voltage,0.575,kVRMSLL
,,,DC_voltage,1.264,kVRMSLL
,,,Q_filt,15,kVAR
,,,R_Choke,0.01,pu
,,,L_Choke,0.15,pu
,,Collector_grid,Inc_collector,,
,,,R_collector,0.1265,Ohm
,,,L_collector,0.3831e-3,H
,,,C_collector,7e-6,F
,,Operating_conditions,N_PV_inServ,215,
,,,Q_ctrlMode,1,
,,,Reactive_ref,0,pu
,,,P_ctrlMode,2,
,,,Active_ref,0.001,pu
PMGD_PFV_LVilos220,WECC,Photovoltaic_park_parameters,N_PV_arrays,116,
,,,Frequency,50,Hz
,,,Collector_grid_nominal_voltage,33,kVRMSLL
,,,Tx_grid_nominal_voltage(POI),220,kVRMSLL
,,,Include_ZigZag_transformer_option,1,
,,,R_ZigZag,0.1265,Ohm
,,,L_ZigZag,0.3831e-3,H
,,Single_pv_array,S_spv,1,MVA
,,,Inverter_nominal_voltage,0.575,kVRMSLL
,,,DC_voltage,1.264,kVRMSLL
,,,Q_filt,15,kVAR
,,,R_Choke,0.01,pu
,,,L_Choke,0.15,pu
,,Collector_grid,Inc_collector,,
,,,R_collector,0.1265,Ohm
,,,L_collector,0.3831e-3,H
,,,C_collector,7e-6,F
,,Operating_conditions,N_PV_inServ,116,
,,,Q_ctrlMode,1,
,,,Reactive_ref,0,pu
,,,P_ctrlMode,2,
,,,Active_ref,0.001,pu
PMGD_PFV_PAzucar110,WECC,Photovoltaic_park_parameters,N_PV_arrays,96,
,,,Frequency,50,Hz
,,,Collector_grid_nominal_voltage,33,kVRMSLL
,,,Tx_grid_nominal_voltage(POI),220,kVRMSLL
,,,Include_ZigZag_transformer_option,1,
,,,R_ZigZag,0.1265,Ohm
,,,L_ZigZag,0.3831e-3,H
,,Single_pv_array,S_spv,1,MVA
,,,Inverter_nominal_voltage,0.575,kVRMSLL
,,,DC_voltage,1.264,kVRMSLL
,,,Q_filt,15,kVAR
,,,R_Choke,0.01,pu
,,,L_Choke,0.15,pu
,,Collector_grid,Inc_collector,,
,,,R_collector,0.1265,Ohm
,,,L_collector,0.3831e-3,H
,,,C_collector,7e-6,F
,,Operating_conditions,N_PV_inServ,96,
,,,Q_ctrlMode,1,
,,,Reactive_ref,0,pu
,,,P_ctrlMode,2,
,,,Active_ref,0.001,pu
PMGD_PFV_ASanta220,WECC,Photovoltaic_park_parameters,N_PV_arrays,121,
,,,Frequency,50,Hz
,,,Collector_grid_nominal_voltage,33,kVRMSLL
,,,Tx_grid_nominal_voltage(POI),220,kVRMSLL
,,,Include_ZigZag_transformer_option,1,
,,,R_ZigZag,0.1265,Ohm
,,,L_ZigZag,0.3831e-3,H
,,Single_pv_array,S_spv,1,MVA
,,,Inverter_nominal_voltage,0.575,kVRMSLL
,,,DC_voltage,1.264,kVRMSLL
,,,Q_filt,15,kVAR
,,,R_Choke,0.01,pu
,,,L_Choke,0.15,pu
,,Collector_grid,Inc_collector,,
,,,R_collector,0.1265,Ohm
,,,L_collector,0.3831e-3,H
,,,C_collector,7e-6,F
,,Operating_conditions,N_PV_inServ,121,
,,,Q_ctrlMode,1,
,,,Reactive_ref,0,pu
,,,P_ctrlMode,2,
,,,Active_ref,0.001,pu
PMGD_PFV_LVegas110,WECC,Photovoltaic_park_parameters,N_PV_arrays,141,
,,,Frequency,50,Hz
,,,Collector_grid_nominal_voltage,33,kVRMSLL
,,,Tx_grid_nominal_voltage(POI),110,kVRMSLL
,,,Include_ZigZag_transformer_option,1,
,,,R_ZigZag,0.1265,Ohm
,,,L_ZigZag,0.3831e-3,H
,,Single_pv_array,S_spv,1,MVA
,,,Inverter_nominal_voltage,0.575,kVRMSLL
,,,DC_voltage,1.264,kVRMSLL
,,,Q_filt,15,kVAR
,,,R_Choke,0.01,pu
,,,L_Choke,0.15,pu
,,Collector_grid,Inc_collector,,
,,,R_collector,0.1265,Ohm
,,,L_collector,0.3831e-3,H
,,,C_collector,7e-6,F
,,Operating_conditions,N_PV_inServ,141,
,,,Q_ctrlMode,1,
,,,Reactive_ref,0,pu
,,,P_ctrlMode,2,
,,,Active_ref,0.001,pu
PMGD_PFV_Batuco110,WECC,Photovoltaic_park_parameters,N_PV_arrays,62,
,,,Frequency,50,Hz
,,,Collector_grid_nominal_voltage,33,kVRMSLL
,,,Tx_grid_nominal_voltage(POI),220,kVRMSLL
,,,Include_ZigZag_transformer_option,1,
,,,R_ZigZag,0.1265,Ohm
,,,L_ZigZag,0.3831e-3,H
,,Single_pv_array,S_spv,1,MVA
,,,Inverter_nominal_voltage,0.575,kVRMSLL
,,,DC_voltage,1.264,kVRMSLL
,,,Q_filt,15,kVAR
,,,R_Choke,0.01,pu
,,,L_Choke,0.15,pu
,,Collector_grid,Inc_collector,,
,,,R_collector,0.1265,Ohm
,,,L_collector,0.3831e-3,H
,,,C_collector,7e-6,F
,,Operating_conditions,N_PV_inServ,62,
,,,Q_ctrlMode,1,
,,,Reactive_ref,0,pu
,,,P_ctrlMode,2,
,,,Active_ref,0.001,pu
PMGD_PFV_Chena110,WECC,Photovoltaic_park_parameters,N_PV_arrays,147,
,,,Frequency,50,Hz
,,,Collector_grid_nominal_voltage,33,kVRMSLL
,,,Tx_grid_nominal_voltage(POI),220,kVRMSLL
,,,Include_ZigZag_transformer_option,1,
,,,R_ZigZag,0.1265,Ohm
,,,L_ZigZag,0.3831e-3,H
,,Single_pv_array,S_spv,1,MVA
,,,Inverter_nominal_voltage,0.575,kVRMSLL
,,,DC_voltage,1.264,kVRMSLL
,,,Q_filt,15,kVAR
,,,R_Choke,0.01,pu
,,,L_Choke,0.15,pu
,,Collector_grid,Inc_collector,,
,,,R_collector,0.1265,Ohm
,,,L_collector,0.3831e-3,H
,,,C_collector,7e-6,F
,,Operating_conditions,N_PV_inServ,147,
,,,Q_ctrlMode,1,
,,,Reactive_ref,0,pu
,,,P_ctrlMode,2,
,,,Active_ref,0.001,pu
PMGD_PFV_Renca110,WECC,Photovoltaic_park_parameters,N_PV_arrays,39,
,,,Frequency,50,Hz
,,,Collector_grid_nominal_voltage,33,kVRMSLL
,,,Tx_grid_nominal_voltage(POI),220,kVRMSLL
,,,Include_ZigZag_transformer_option,1,
,,,R_ZigZag,0.1265,Ohm
,,,L_ZigZag,0.3831e-3,H
,,Single_pv_array,S_spv,1,MVA
,,,Inverter_nominal_voltage,0.575,kVRMSLL
,,,DC_voltage,1.264,kVRMSLL
,,,Q_filt,15,kVAR
,,,R_Choke,0.01,pu
,,,L_Choke,0.15,pu
,,Collector_grid,Inc_collector,,
,,,R_collector,0.1265,Ohm
,,,L_collector,0.3831e-3,H
,,,C_collector,7e-6,F
,,Operating_conditions,N_PV_inServ,39,
,,,Q_ctrlMode,1,
,,,Reactive_ref,0,pu
,,,P_ctrlMode,2,
,,,Active_ref,0.001,pu
PMGD_PFV_CNavia110,WECC,Photovoltaic_park_parameters,N_PV_arrays,62,
,,,Frequency,50,Hz
,,,Collector_grid_nominal_voltage,33,kVRMSLL
,,,Tx_grid_nominal_voltage(POI),220,kVRMSLL
,,,Include_ZigZag_transformer_option,1,
,,,R_ZigZag,0.1265,Ohm
,,,L_ZigZag,0.3831e-3,H
,,Single_pv_array,S_spv,1,MVA
,,,Inverter_nominal_voltage,0.575,kVRMSLL
,,,DC_voltage,1.264,kVRMSLL
,,,Q_filt,15,kVAR
,,,R_Choke,0.01,pu
,,,L_Choke,0.15,pu
,,Collector_grid,Inc_collector,,
,,,R_collector,0.1265,Ohm
,,,L_collector,0.3831e-3,H
,,,C_collector,7e-6,F
,,Operating_conditions,N_PV_inServ,62,
,,,Q_ctrlMode,1,
,,,Reactive_ref,0,pu
,,,P_ctrlMode,2,
,,,Active_ref,0.001,pu
PMGD_PFV_Florida110,WECC,Photovoltaic_park_parameters,N_PV_arrays,64,
,,,Frequency,50,Hz
,,,Collector_grid_nominal_voltage,33,kVRMSLL
,,,Tx_grid_nominal_voltage(POI),220,kVRMSLL
,,,Include_ZigZag_transformer_option,1,
,,,R_ZigZag,0.1265,Ohm
,,,L_ZigZag,0.3831e-3,H
,,Single_pv_array,S_spv,1,MVA
,,,Inverter_nominal_voltage,0.575,kVRMSLL
,,,DC_voltage,1.264,kVRMSLL
,,,Q_filt,15,kVAR
,,,R_Choke,0.01,pu
,,,L_Choke,0.15,pu
,,Collector_grid,Inc_collector,,
,,,R_collector,0.1265,Ohm
,,,L_collector,0.3831e-3,H
,,,C_collector,7e-6,F
,,Operating_conditions,N_PV_inServ,64,
,,,Q_ctrlMode,1,
,,,Reactive_ref,0,pu
,,,P_ctrlMode,2,
,,,Active_ref,0.001,pu
PMGD_PFV_AJahuel110,WECC,Photovoltaic_park_parameters,N_PV_arrays,66,
,,,Frequency,50,Hz
,,,Collector_grid_nominal_voltage,33,kVRMSLL
,,,Tx_grid_nominal_voltage(POI),220,kVRMSLL
,,,Include_ZigZag_transformer_option,1,
,,,R_ZigZag,0.1265,Ohm
,,,L_ZigZag,0.3831e-3,H
,,Single_pv_array,S_spv,1,MVA
,,,Inverter_nominal_voltage,0.575,kVRMSLL
,,,DC_voltage,1.264,kVRMSLL
,,,Q_filt,15,kVAR
,,,R_Choke,0.01,pu
,,,L_Choke,0.15,pu
,,Collector_grid,Inc_collector,,
,,,R_collector,0.1265,Ohm
,,,L_collector,0.3831e-3,H
,,,C_collector,7e-6,F
,,Operating_conditions,N_PV_inServ,66,
,,,Q_ctrlMode,1,
,,,Reactive_ref,0,pu
,,,P_ctrlMode,2,
,,,Active_ref,0.001,pu
PMGD_PFV_AMelipilla220,WECC,Photovoltaic_park_parameters,N_PV_arrays,144,
,,,Frequency,50,Hz
,,,Collector_grid_nominal_voltage,33,kVRMSLL
,,,Tx_grid_nominal_voltage(POI),220,kVRMSLL
,,,Include_ZigZag_transformer_option,1,
,,,R_ZigZag,0.1265,Ohm
,,,L_ZigZag,0.3831e-3,H
,,Single_pv_array,S_spv,1,MVA
,,,Inverter_nominal_voltage,0.575,kVRMSLL
,,,DC_voltage,1.264,kVRMSLL
,,,Q_filt,15,kVAR
,,,R_Choke,0.01,pu
,,,L_Choke,0.15,pu
,,Collector_grid,Inc_collector,,
,,,R_collector,0.1265,Ohm
,,,L_collector,0.3831e-3,H
,,,C_collector,7e-6,F
,,Operating_conditions,N_PV_inServ,144,
,,,Q_ctrlMode,1,
,,,Reactive_ref,0,pu
,,,P_ctrlMode,2,
,,,Active_ref,0.001,pu
PMGD_PFV_Polpaico220,WECC,Photovoltaic_park_parameters,N_PV_arrays,134,
,,,Frequency,50,Hz
,,,Collector_grid_nominal_voltage,33,kVRMSLL
,,,Tx_grid_nominal_voltage(POI),220,kVRMSLL
,,,Include_ZigZag_transformer_option,1,
,,,R_ZigZag,0.1265,Ohm
,,,L_ZigZag,0.3831e-3,H
,,Single_pv_array,S_spv,1,MVA
,,,Inverter_nominal_voltage,0.575,kVRMSLL
,,,DC_voltage,1.264,kVRMSLL
,,,Q_filt,15,kVAR
,,,R_Choke,0.01,pu
,,,L_Choke,0.15,pu
,,Collector_grid,Inc_collector,,
,,,R_collector,0.1265,Ohm
,,,L_collector,0.3831e-3,H
,,,C_collector,7e-6,F
,,Operating_conditions,N_PV_inServ,134,
,,,Q_ctrlMode,1,
,,,Reactive_ref,0,pu
,,,P_ctrlMode,2,
,,,Active_ref,0.001,pu
PMGD_PFV_Rapel220,WECC,Photovoltaic_park_parameters,N_PV_arrays,266,
,,,Frequency,50,Hz
,,,Collector_grid_nominal_voltage,33,kVRMSLL
,,,Tx_grid_nominal_voltage(POI),220,kVRMSLL
,,,Include_ZigZag_transformer_option,1,
,,,R_ZigZag,0.1265,Ohm
,,,L_ZigZag,0.3831e-3,H
,,Single_pv_array,S_spv,1,MVA
,,,Inverter_nominal_voltage,0.575,kVRMSLL
,,,DC_voltage,1.264,kVRMSLL
,,,Q_filt,15,kVAR
,,,R_Choke,0.01,pu
,,,L_Choke,0.15,pu
,,Collector_grid,Inc_collector,,
,,,R_collector,0.1265,Ohm
,,,L_collector,0.3831e-3,H
,,,C_collector,7e-6,F
,,Operating_conditions,N_PV_inServ,266,
,,,Q_ctrlMode,1,
,,,Reactive_ref,0,pu
,,,P_ctrlMode,2,
,,,Active_ref,0.001,pu
PMGD_PFV_Chillan154,WECC,Photovoltaic_park_parameters,N_PV_arrays,197,
,,,Frequency,50,Hz
,,,Collector_grid_nominal_voltage,33,kVRMSLL
,,,Tx_grid_nominal_voltage(POI),220,kVRMSLL
,,,Include_ZigZag_transformer_option,1,
,,,R_ZigZag,0.1265,Ohm
,,,L_ZigZag,0.3831e-3,H
,,Single_pv_array,S_spv,1,MVA
,,,Inverter_nominal_voltage,0.575,kVRMSLL
,,,DC_voltage,1.264,kVRMSLL
,,,Q_filt,15,kVAR
,,,R_Choke,0.01,pu
,,,L_Choke,0.15,pu
,,Collector_grid,Inc_collector,,
,,,R_collector,0.1265,Ohm
,,,L_collector,0.3831e-3,H
,,,C_collector,7e-6,F
,,Operating_conditions,N_PV_inServ,197,
,,,Q_ctrlMode,1,
,,,Reactive_ref,0,pu
,,,P_ctrlMode,2,
,,,Active_ref,0.001,pu
PMGD_PFV_SJavier066,WECC,Photovoltaic_park_parameters,N_PV_arrays,53,
,,,Frequency,50,Hz
,,,Collector_grid_nominal_voltage,33,kVRMSLL
,,,Tx_grid_nominal_voltage(POI),220,kVRMSLL
,,,Include_ZigZag_transformer_option,1,
,,,R_ZigZag,0.1265,Ohm
,,,L_ZigZag,0.3831e-3,H
,,Single_pv_array,S_spv,1,MVA
,,,Inverter_nominal_voltage,0.575,kVRMSLL
,,,DC_voltage,1.264,kVRMSLL
,,,Q_filt,15,kVAR
,,,R_Choke,0.01,pu
,,,L_Choke,0.15,pu
,,Collector_grid,Inc_collector,,
,,,R_collector,0.1265,Ohm
,,,L_collector,0.3831e-3,H
,,,C_collector,7e-6,F
,,Operating_conditions,N_PV_inServ,53,
,,,Q_ctrlMode,1,
,,,Reactive_ref,0,pu
,,,P_ctrlMode,2,
,,,Active_ref,0.001,pu
PMGD_PFV_Itahue154,WECC,Photovoltaic_park_parameters,N_PV_arrays,100,
,,,Frequency,50,Hz
,,,Collector_grid_nominal_voltage,33,kVRMSLL
,,,Tx_grid_nominal_voltage(POI),220,kVRMSLL
,,,Include_ZigZag_transformer_option,1,
,,,R_ZigZag,0.1265,Ohm
,,,L_ZigZag,0.3831e-3,H
,,Single_pv_array,S_spv,1,MVA
,,,Inverter_nominal_voltage,0.575,kVRMSLL
,,,DC_voltage,1.264,kVRMSLL
,,,Q_filt,15,kVAR
,,,R_Choke,0.01,pu
,,,L_Choke,0.15,pu
,,Collector_grid,Inc_collector,,
,,,R_collector,0.1265,Ohm
,,,L_collector,0.3831e-3,H
,,,C_collector,7e-6,F
,,Operating_conditions,N_PV_inServ,100,
,,,Q_ctrlMode,1,
,,,Reactive_ref,0,pu
,,,P_ctrlMode,2,
,,,Active_ref,0.001,pu
PMGD_PFV_Linares154,WECC,Photovoltaic_park_parameters,N_PV_arrays,157,
,,,Frequency,50,Hz
,,,Collector_grid_nominal_voltage,33,kVRMSLL
,,,Tx_grid_nominal_voltage(POI),220,kVRMSLL
,,,Include_ZigZag_transformer_option,1,
,,,R_ZigZag,0.1265,Ohm
,,,L_ZigZag,0.3831e-3,H
,,Single_pv_array,S_spv,1,MVA
,,,Inverter_nominal_voltage,0.575,kVRMSLL
,,,DC_voltage,1.264,kVRMSLL
,,,Q_filt,15,kVAR
,,,R_Choke,0.01,pu
,,,L_Choke,0.15,pu
,,Collector_grid,Inc_collector,,
,,,R_collector,0.1265,Ohm
,,,L_collector,0.3831e-3,H
,,,C_collector,7e-6,F
,,Operating_conditions,N_PV_inServ,157,
,,,Q_ctrlMode,1,
,,,Reactive_ref,0,pu
,,,P_ctrlMode,2,
,,,Active_ref,0.001,pu
PMGD_PFV_Malloa154,WECC,Photovoltaic_park_parameters,N_PV_arrays,110,
,,,Frequency,50,Hz
,,,Collector_grid_nominal_voltage,33,kVRMSLL
,,,Tx_grid_nominal_voltage(POI),220,kVRMSLL
,,,Include_ZigZag_transformer_option,1,
,,,R_ZigZag,0.1265,Ohm
,,,L_ZigZag,0.3831e-3,H
,,Single_pv_array,S_spv,1,MVA
,,,Inverter_nominal_voltage,0.575,kVRMSLL
,,,DC_voltage,1.264,kVRMSLL
,,,Q_filt,15,kVAR
,,,R_Choke,0.01,pu
,,,L_Choke,0.15,pu
,,Collector_grid,Inc_collector,,
,,,R_collector,0.1265,Ohm
,,,L_collector,0.3831e-3,H
,,,C_collector,7e-6,F
,,Operating_conditions,N_PV_inServ,110,
,,,Q_ctrlMode,1,
,,,Reactive_ref,0,pu
,,,P_ctrlMode,2,
,,,Active_ref,0.001,pu
PMGD_PFV_Talca066,WECC,Photovoltaic_park_parameters,N_PV_arrays,135,
,,,Frequency,50,Hz
,,,Collector_grid_nominal_voltage,33,kVRMSLL
,,,Tx_grid_nominal_voltage(POI),220,kVRMSLL
,,,Include_ZigZag_transformer_option,1,
,,,R_ZigZag,0.1265,Ohm
,,,L_ZigZag,0.3831e-3,H
,,Single_pv_array,S_spv,1,MVA
,,,Inverter_nominal_voltage,0.575,kVRMSLL
,,,DC_voltage,1.264,kVRMSLL
,,,Q_filt,15,kVAR
,,,R_Choke,0.01,pu
,,,L_Choke,0.15,pu
,,Collector_grid,Inc_collector,,
,,,R_collector,0.1265,Ohm
,,,L_collector,0.3831e-3,H
,,,C_collector,7e-6,F
,,Operating_conditions,N_PV_inServ,135,
,,,Q_ctrlMode,1,
,,,Reactive_ref,0,pu
,,,P_ctrlMode,2,
,,,Active_ref,0.001,pu
PMGD_PFV_Paine154,WECC,Photovoltaic_park_parameters,N_PV_arrays,177,
,,,Frequency,50,Hz
,,,Collector_grid_nominal_voltage,33,kVRMSLL
,,,Tx_grid_nominal_voltage(POI),220,kVRMSLL
,,,Include_ZigZag_transformer_option,1,
,,,R_ZigZag,0.1265,Ohm
,,,L_ZigZag,0.3831e-3,H
,,Single_pv_array,S_spv,1,MVA
,,,Inverter_nominal_voltage,0.575,kVRMSLL
,,,DC_voltage,1.264,kVRMSLL
,,,Q_filt,15,kVAR
,,,R_Choke,0.01,pu
,,,L_Choke,0.15,pu
,,Collector_grid,Inc_collector,,
,,,R_collector,0.1265,Ohm
,,,L_collector,0.3831e-3,H
,,,C_collector,7e-6,F
,,Operating_conditions,N_PV_inServ,177,
,,,Q_ctrlMode,1,
,,,Reactive_ref,0,pu
,,,P_ctrlMode,2,
,,,Active_ref,0.001,pu
PMGD_PFV_Parral154,WECC,Photovoltaic_park_parameters,N_PV_arrays,154,
,,,Frequency,50,Hz
,,,Collector_grid_nominal_voltage,33,kVRMSLL
,,,Tx_grid_nominal_voltage(POI),220,kVRMSLL
,,,Include_ZigZag_transformer_option,1,
,,,R_ZigZag,0.1265,Ohm
,,,L_ZigZag,0.3831e-3,H
,,Single_pv_array,S_spv,1,MVA
,,,Inverter_nominal_voltage,0.575,kVRMSLL
,,,DC_voltage,1.264,kVRMSLL
,,,Q_filt,15,kVAR
,,,R_Choke,0.01,pu
,,,L_Choke,0.15,pu
,,Collector_grid,Inc_collector,,
,,,R_collector,0.1265,Ohm
,,,L_collector,0.3831e-3,H
,,,C_collector,7e-6,F
,,Operating_conditions,N_PV_inServ,154,
,,,Q_ctrlMode,1,
,,,Reactive_ref,0,pu
,,,P_ctrlMode,2,
,,,Active_ref,0.001,pu
PMGD_PFV_PCortes154,WECC,Photovoltaic_park_parameters,N_PV_arrays,52,
,,,Frequency,50,Hz
,,,Collector_grid_nominal_voltage,33,kVRMSLL
,,,Tx_grid_nominal_voltage(POI),220,kVRMSLL
,,,Include_ZigZag_transformer_option,1,
,,,R_ZigZag,0.1265,Ohm
,,,L_ZigZag,0.3831e-3,H
,,Single_pv_array,S_spv,1,MVA
,,,Inverter_nominal_voltage,0.575,kVRMSLL
,,,DC_voltage,1.264,kVRMSLL
,,,Q_filt,15,kVAR
,,,R_Choke,0.01,pu
,,,L_Choke,0.15,pu
,,Collector_grid,Inc_collector,,
,,,R_collector,0.1265,Ohm
,,,L_collector,0.3831e-3,H
,,,C_collector,7e-6,F
,,Operating_conditions,N_PV_inServ,52,
,,,Q_ctrlMode,1,
,,,Reactive_ref,0,pu
,,,P_ctrlMode,2,
,,,Active_ref,0.001,pu
PMGD_PFV_Rancagua154,WECC,Photovoltaic_park_parameters,N_PV_arrays,201,
,,,Frequency,50,Hz
,,,Collector_grid_nominal_voltage,33,kVRMSLL
,,,Tx_grid_nominal_voltage(POI),220,kVRMSLL
,,,Include_ZigZag_transformer_option,1,
,,,R_ZigZag,0.1265,Ohm
,,,L_ZigZag,0.3831e-3,H
,,Single_pv_array,S_spv,1,MVA
,,,Inverter_nominal_voltage,0.575,kVRMSLL
,,,DC_voltage,1.264,kVRMSLL
,,,Q_filt,15,kVAR
,,,R_Choke,0.01,pu
,,,L_Choke,0.15,pu
,,Collector_grid,Inc_collector,,
,,,R_collector,0.1265,Ohm
,,,L_collector,0.3831e-3,H
,,,C_collector,7e-6,F
,,Operating_conditions,N_PV_inServ,201,
,,,Q_ctrlMode,1,
,,,Reactive_ref,0,pu
,,,P_ctrlMode,2,
,,,Active_ref,0.001,pu
PMGD_PFV_Teno154,WECC,Photovoltaic_park_parameters,N_PV_arrays,186,
,,,Frequency,50,Hz
,,,Collector_grid_nominal_voltage,33,kVRMSLL
,,,Tx_grid_nominal_voltage(POI),220,kVRMSLL
,,,Include_ZigZag_transformer_option,1,
,,,R_ZigZag,0.1265,Ohm
,,,L_ZigZag,0.3831e-3,H
,,Single_pv_array,S_spv,1,MVA
,,,Inverter_nominal_voltage,0.575,kVRMSLL
,,,DC_voltage,1.264,kVRMSLL
,,,Q_filt,15,kVAR
,,,R_Choke,0.01,pu
,,,L_Choke,0.15,pu
,,Collector_grid,Inc_collector,,
,,,R_collector,0.1265,Ohm
,,,L_collector,0.3831e-3,H
,,,C_collector,7e-6,F
,,Operating_conditions,N_PV_inServ,186,
,,,Q_ctrlMode,1,
,,,Reactive_ref,0,pu
,,,P_ctrlMode,2,
,,,Active_ref,0.001,pu
PMGD_PFV_Tinguiririca154,WECC,Photovoltaic_park_parameters,N_PV_arrays,115,
,,,Frequency,50,Hz
,,,Collector_grid_nominal_voltage,33,kVRMSLL
,,,Tx_grid_nominal_voltage(POI),220,kVRMSLL
,,,Include_ZigZag_transformer_option,1,
,,,R_ZigZag,0.1265,Ohm
,,,L_ZigZag,0.3831e-3,H
,,Single_pv_array,S_spv,1,MVA
,,,Inverter_nominal_voltage,0.575,kVRMSLL
,,,DC_voltage,1.264,kVRMSLL
,,,Q_filt,15,kVAR
,,,R_Choke,0.01,pu
,,,L_Choke,0.15,pu
,,Collector_grid,Inc_collector,,
,,,R_collector,0.1265,Ohm
,,,L_collector,0.3831e-3,H
,,,C_collector,7e-6,F
,,Operating_conditions,N_PV_inServ,115,
,,,Q_ctrlMode,1,
,,,Reactive_ref,0,pu
,,,P_ctrlMode,2,
,,,Active_ref,0.001,pu
PMGD_PFV_Charrua066,WECC,Photovoltaic_park_parameters,N_PV_arrays,249,
,,,Frequency,50,Hz
,,,Collector_grid_nominal_voltage,33,kVRMSLL
,,,Tx_grid_nominal_voltage(POI),220,kVRMSLL
,,,Include_ZigZag_transformer_option,1,
,,,R_ZigZag,0.1265,Ohm
,,,L_ZigZag,0.3831e-3,H
,,Single_pv_array,S_spv,1,MVA
,,,Inverter_nominal_voltage,0.575,kVRMSLL
,,,DC_voltage,1.264,kVRMSLL
,,,Q_filt,15,kVAR
,,,R_Choke,0.01,pu
,,,L_Choke,0.15,pu
,,Collector_grid,Inc_collector,,
,,,R_collector,0.1265,Ohm
,,,L_collector,0.3831e-3,H
,,,C_collector,7e-6,F
,,Operating_conditions,N_PV_inServ,249,
,,,Q_ctrlMode,1,
,,,Reactive_ref,0,pu
,,,P_ctrlMode,2,
,,,Active_ref,0.001,pu
PMGD_PFV_Horcones066,WECC,Photovoltaic_park_parameters,N_PV_arrays,33,
,,,Frequency,50,Hz
,,,Collector_grid_nominal_voltage,33,kVRMSLL
,,,Tx_grid_nominal_voltage(POI),220,kVRMSLL
,,,Include_ZigZag_transformer_option,1,
,,,R_ZigZag,0.1265,Ohm
,,,L_ZigZag,0.3831e-3,H
,,Single_pv_array,S_spv,1,MVA
,,,Inverter_nominal_voltage,0.575,kVRMSLL
,,,DC_voltage,1.264,kVRMSLL
,,,Q_filt,15,kVAR
,,,R_Choke,0.01,pu
,,,L_Choke,0.15,pu
,,Collector_grid,Inc_collector,,
,,,R_collector,0.1265,Ohm
,,,L_collector,0.3831e-3,H
,,,C_collector,7e-6,F
,,Operating_conditions,N_PV_inServ,33,
,,,Q_ctrlMode,1,
,,,Reactive_ref,0,pu
,,,P_ctrlMode,2,
,,,Active_ref,0.001,pu
PMGD_PFV_Mulchen220,WECC,Photovoltaic_park_parameters,N_PV_arrays,91,
,,,Frequency,50,Hz
,,,Collector_grid_nominal_voltage,33,kVRMSLL
,,,Tx_grid_nominal_voltage(POI),220,kVRMSLL
,,,Include_ZigZag_transformer_option,1,
,,,R_ZigZag,0.1265,Ohm
,,,L_ZigZag,0.3831e-3,H
,,Single_pv_array,S_spv,1,MVA
,,,Inverter_nominal_voltage,0.575,kVRMSLL
,,,DC_voltage,1.264,kVRMSLL
,,,Q_filt,15,kVAR
,,,R_Choke,0.01,pu
,,,L_Choke,0.15,pu
,,Collector_grid,Inc_collector,,
,,,R_collector,0.1265,Ohm
,,,L_collector,0.3831e-3,H
,,,C_collector,7e-6,F
,,Operating_conditions,N_PV_inServ,91,
,,,Q_ctrlMode,1,
,,,Reactive_ref,0,pu
,,,P_ctrlMode,2,
,,,Active_ref,0.001,pu
PMGD_PFV_Duqueco220,WECC,Photovoltaic_park_parameters,N_PV_arrays,29,
,,,Frequency,50,Hz
,,,Collector_grid_nominal_voltage,33,kVRMSLL
,,,Tx_grid_nominal_voltage(POI),220,kVRMSLL
,,,Include_ZigZag_transformer_option,1,
,,,R_ZigZag,0.1265,Ohm
,,,L_ZigZag,0.3831e-3,H
,,Single_pv_array,S_spv,1,MVA
,,,Inverter_nominal_voltage,0.575,kVRMSLL
,,,DC_voltage,1.264,kVRMSLL
,,,Q_filt,15,kVAR
,,,R_Choke,0.01,pu
,,,L_Choke,0.15,pu
,,Collector_grid,Inc_collector,,
,,,R_collector,0.1265,Ohm
,,,L_collector,0.3831e-3,H
,,,C_collector,7e-6,F
,,Operating_conditions,N_PV_inServ,29,
,,,Q_ctrlMode,1,
,,,Reactive_ref,0,pu
,,,P_ctrlMode,2,
,,,Active_ref,0.001,pu
PMGD_PFV_Temuco066,WECC,Photovoltaic_park_parameters,N_PV_arrays,30,
,,,Frequency,50,Hz
,,,Collector_grid_nominal_voltage,33,kVRMSLL
,,,Tx_grid_nominal_voltage(POI),220,kVRMSLL
,,,Include_ZigZag_transformer_option,1,
,,,R_ZigZag,0.1265,Ohm
,,,L_ZigZag,0.3831e-3,H
,,Single_pv_array,S_spv,1,MVA
,,,Inverter_nominal_voltage,0.575,kVRMSLL
,,,DC_voltage,1.264,kVRMSLL
,,,Q_filt,15,kVAR
,,,R_Choke,0.01,pu
,,,L_Choke,0.15,pu
,,Collector_grid,Inc_collector,,
,,,R_collector,0.1265,Ohm
,,,L_collector,0.3831e-3,H
,,,C_collector,7e-6,F
,,Operating_conditions,N_PV_inServ,30,
,,,Q_ctrlMode,1,
,,,Reactive_ref,0,pu
,,,P_ctrlMode,2,
,,,Active_ref,0.001,pu
PFV_Quilapilun,Standar,Photovoltaic_park_parameters,N_PV_arrays,66,
,,,Frequency,50,Hz
,,,Collector_grid_nominal_voltage,34.5,kVRMSLL
,,,Tx_grid_nominal_voltage(POI),220,kVRMSLL
,,,Include_ZigZag_transformer_option,1,
,,,R_ZigZag,0.1265,Ohm
,,,L_ZigZag,0.3831e-3,H
,,Single_pv_array,S_spv,1.667,MVA
,,,Inverter_nominal_voltage,0.575,kVRMSLL
,,,DC_voltage,1.264,kVRMSLL
,,,Q_filt,75,kVAR
,,,R_Choke,0.005,pu
,,,L_Choke,0.15,pu
,,Collector_grid,Inc_collector,,
,,,R_collector,0.1265,Ohm
,,,L_collector,0.3831e-3,H
,,,C_collector,7e-6,F
,,Operating_conditions,N_PV_inServ,60,
,,,Q_ctrlMode,1,
,,,Reactive_ref,-0.015,pu
,,,P_ctrlMode,2,
,,,Active_ref,0.992,pu
PFV_Dona_Carmen,Standar,Photovoltaic_park_parameters,N_PV_arrays,21,
,,,Frequency,50,Hz
,,,Collector_grid_nominal_voltage,34.5,kVRMSLL
,,,Tx_grid_nominal_voltage(POI),220,kVRMSLL
,,,Include_ZigZag_transformer_option,1,
,,,R_ZigZag,0.1265,Ohm
,,,L_ZigZag,0.3831e-3,H
,,Single_pv_array,S_spv,1.667,MVA
,,,Inverter_nominal_voltage,0.575,kVRMSLL
,,,DC_voltage,1.264,kVRMSLL
,,,Q_filt,75,kVAR
,,,R_Choke,0.005,pu
,,,L_Choke,0.15,pu
,,Collector_grid,Inc_collector,,
,,,R_collector,0.1265,Ohm
,,,L_collector,0.3831e-3,H
,,,C_collector,7e-6,F
,,Operating_conditions,N_PV_inServ,20,
,,,Q_ctrlMode,1,
,,,Reactive_ref,0,pu
,,,P_ctrlMode,2,
,,,Active_ref,0.838,pu
PFV_VALLE_ESCONDIDO,Standar,Photovoltaic_park_parameters,N_PV_arrays,64,
,,,Frequency,50,Hz
,,,Collector_grid_nominal_voltage,34.5,kVRMSLL
,,,Tx_grid_nominal_voltage(POI),220,kVRMSLL
,,,Include_ZigZag_transformer_option,,
,,,R_ZigZag,0.1265,Ohm
,,,L_ZigZag,0.3831e-3,H
,,Single_pv_array,S_spv,1.667,MVA
,,,Inverter_nominal_voltage,0.575,kVRMSLL
,,,DC_voltage,1.264,kVRMSLL
,,,Q_filt,15,kVAR
,,,R_Choke,0.005,pu
,,,L_Choke,0.15,pu
,,Collector_grid,Inc_collector,,
,,,R_collector,0.1265,Ohm
,,,L_collector,0.3831e-3,H
,,,C_collector,7e-6,F
,,Operating_conditions,N_PV_inServ,64,
,,,Q_ctrlMode,1,
,,,Reactive_ref,-0.204427864,pu
,,,P_ctrlMode,2,
,,,Active_ref,0.6169,pu
PFV_Pampa_Solar_Norte,Standar,Photovoltaic_park_parameters,N_PV_arrays,42,
,,,Frequency,50,Hz
,,,Collector_grid_nominal_voltage,34.5,kVRMSLL
,,,Tx_grid_nominal_voltage(POI),220,kVRMSLL
,,,Include_ZigZag_transformer_option,,
,,,R_ZigZag,0.1265,Ohm
,,,L_ZigZag,0.3831e-3,H
,,Single_pv_array,S_spv,1.667,MVA
,,,Inverter_nominal_voltage,0.575,kVRMSLL
,,,DC_voltage,1.264,kVRMSLL
,,,Q_filt,15,kVAR
,,,R_Choke,0.005,pu
,,,L_Choke,0.15,pu
,,Collector_grid,Inc_collector,,
,,,R_collector,0.1265,Ohm
,,,L_collector,0.3831e-3,H
,,,C_collector,7e-6,F
,,Operating_conditions,N_PV_inServ,42,
,,,Q_ctrlMode,1,
,,,Reactive_ref,-0.089982004,pu
,,,P_ctrlMode,2,
,,,Active_ref,0.6169,pu
PFV_CARRERA_PINTO,Standar,Photovoltaic_park_parameters,N_PV_arrays,62,
,,,Frequency,50,Hz
,,,Collector_grid_nominal_voltage,34.5,kVRMSLL
,,,Tx_grid_nominal_voltage(POI),220,kVRMSLL
,,,Include_ZigZag_transformer_option,,
,,,R_ZigZag,0.1265,Ohm
,,,L_ZigZag,0.3831e-3,H
,,Single_pv_array,S_spv,1.667,MVA
,,,Inverter_nominal_voltage,0.575,kVRMSLL
,,,DC_voltage,1.264,kVRMSLL
,,,Q_filt,75,kVAR
,,,R_Choke,0.005,pu
,,,L_Choke,0.15,pu
,,Collector_grid,Inc_collector,1,
,,,R_collector,0.1265,Ohm
,,,L_collector,0.3831e-3,H
,,,C_collector,7e-6,F
,,Operating_conditions,N_PV_inServ,62,
,,,Q_ctrlMode,1,
,,,Reactive_ref,0,pu
,,,P_ctrlMode,2,
,,,Active_ref,0.6169,pu
PFV_DAlmagro_Equiv,Standar,Photovoltaic_park_parameters,N_PV_arrays,215,
,,,Frequency,50,Hz
,,,Collector_grid_nominal_voltage,34.5,kVRMSLL
,,,Tx_grid_nominal_voltage(POI),110,kVRMSLL
,,,Include_ZigZag_transformer_option,1,
,,,R_ZigZag,0.1265,Ohm
,,,L_ZigZag,0.3831e-3,H
,,Single_pv_array,S_spv,1.667,MVA
,,,Inverter_nominal_voltage,0.575,kVRMSLL
,,,DC_voltage,1.264,kVRMSLL
,,,Q_filt,15,kVAR
,,,R_Choke,0.005,pu
,,,L_Choke,0.15,pu
,,Collector_grid,Inc_collector,,
,,,R_collector,0.1265,Ohm
,,,L_collector,0.3831e-3,H
,,,C_collector,7e-6,F
,,Operating_conditions,N_PV_inServ,215,
,,,Q_ctrlMode,1,
,,,Reactive_ref,0.001674084,pu
,,,P_ctrlMode,2,
,,,Active_ref,0.6169,pu
PFV_Conejo,Standar,Photovoltaic_park_parameters,N_PV_arrays,63,
,,,Frequency,50,Hz
,,,Collector_grid_nominal_voltage,34.5,kVRMSLL
,,,Tx_grid_nominal_voltage(POI),220,kVRMSLL
,,,Include_ZigZag_transformer_option,1,
,,,R_ZigZag,0.1265,Ohm
,,,L_ZigZag,0.3831e-3,H
,,Single_pv_array,S_spv,1.667,MVA
,,,Inverter_nominal_voltage,0.575,kVRMSLL
,,,DC_voltage,1.264,kVRMSLL
,,,Q_filt,15,kVAR
,,,R_Choke,0.005,pu
,,,L_Choke,0.15,pu
,,Collector_grid,Inc_collector,,
,,,R_collector,0.1265,Ohm
,,,L_collector,0.3831e-3,H
,,,C_collector,7e-6,F
,,Operating_conditions,N_PV_inServ,63,
,,,Q_ctrlMode,1,
,,,Reactive_ref,-0.102836576,pu
,,,P_ctrlMode,2,
,,,Active_ref,0.6169,pu
PFV_LALACKAMA_I_II,Standar,Photovoltaic_park_parameters,N_PV_arrays,45,
,,,Frequency,50,Hz
,,,Collector_grid_nominal_voltage,34.5,kVRMSLL
,,,Tx_grid_nominal_voltage(POI),220,kVRMSLL
,,,Include_ZigZag_transformer_option,,
,,,R_ZigZag,0.1265,Ohm
,,,L_ZigZag,0.3831e-3,H
,,Single_pv_array,S_spv,1.667,MVA
,,,Inverter_nominal_voltage,0.575,kVRMSLL
,,,DC_voltage,1.264,kVRMSLL
,,,Q_filt,15,kVAR
,,,R_Choke,0.005,pu
,,,L_Choke,0.15,pu
,,Collector_grid,Inc_collector,,
,,,R_collector,0.1265,Ohm
,,,L_collector,0.3831e-3,H
,,,C_collector,7e-6,F
,,Operating_conditions,N_PV_inServ,45,
,,,Q_ctrlMode,1,
,,,Reactive_ref,-0.206625342,pu
,,,P_ctrlMode,2,
,,,Active_ref,0.6169,pu
PFV_Domeyko,Standar,Photovoltaic_park_parameters,N_PV_arrays,120,
,,,Frequency,50,Hz
,,,Collector_grid_nominal_voltage,34.5,kVRMSLL
,,,Tx_grid_nominal_voltage(POI),220,kVRMSLL
,,,Include_ZigZag_transformer_option,1,
,,,R_ZigZag,0.1265,Ohm
,,,L_ZigZag,0.3,H
,,Single_pv_array,S_spv,1.667,MVA
,,,Inverter_nominal_voltage,0.575,kVRMSLL
,,,DC_voltage,1.264,kVRMSLL
,,,Q_filt,15,kVAR
,,,R_Choke,0.005,pu
,,,L_Choke,0.15,pu
,,Collector_grid,Inc_collector,,
,,,R_collector,0.1265,Ohm
,,,L_collector,0.3831e-3,H
,,,C_collector,7e-6,F
,,Operating_conditions,N_PV_inServ,120,
,,,Q_ctrlMode,1,
,,,Reactive_ref,-0.158968206,pu
,,,P_ctrlMode,2,
,,,Active_ref,0.6169,pu
PFV_Sol_del_Lila,Standar,Photovoltaic_park_parameters,N_PV_arrays,98,
,,,Frequency,50,Hz
,,,Collector_grid_nominal_voltage,34.5,kVRMSLL
,,,Tx_grid_nominal_voltage(POI),220,kVRMSLL
,,,Include_ZigZag_transformer_option,1,
,,,R_ZigZag,0.1,Ohm
,,,L_ZigZag,0.3,H
,,Single_pv_array,S_spv,1.667,MVA
,,,Inverter_nominal_voltage,0.575,kVRMSLL
,,,DC_voltage,1.264,kVRMSLL
,,,Q_filt,15,kVAR
,,,R_Choke,0.005,pu
,,,L_Choke,0.15,pu
,,Collector_grid,Inc_collector,,
,,,R_collector,0.1265,Ohm
,,,L_collector,0.3831e-3,H
,,,C_collector,7e-6,F
,,Operating_conditions,N_PV_inServ,80,
,,,Q_ctrlMode,1,
,,,Reactive_ref,0.3864,pu
,,,P_ctrlMode,2,
,,,Active_ref,0.7476,pu
PFV_VALLE_DEL_SOL,Standar,Photovoltaic_park_parameters,N_PV_arrays,95,
,,,Frequency,50,Hz
,,,Collector_grid_nominal_voltage,34.5,kVRMSLL
,,,Tx_grid_nominal_voltage(POI),220,kVRMSLL
,,,Include_ZigZag_transformer_option,1,
,,,R_ZigZag,0.1,Ohm
,,,L_ZigZag,0.3,H
,,Single_pv_array,S_spv,1.667,MVA
,,,Inverter_nominal_voltage,0.575,kVRMSLL
,,,DC_voltage,1.264,kVRMSLL
,,,Q_filt,15,kVAR
,,,R_Choke,0.005,pu
,,,L_Choke,0.15,pu
,,Collector_grid,Inc_collector,,
,,,R_collector,0.1265,Ohm
,,,L_collector,0.3831e-3,H
,,,C_collector,7e-6,F
,,Operating_conditions,N_PV_inServ,95,
,,,Q_ctrlMode,1,
,,,Reactive_ref,0.044201686,pu
,,,P_ctrlMode,2,
,,,Active_ref,0.6169,pu
PFV_Jama_I_II,Standar,Photovoltaic_park_parameters,N_PV_arrays,33,
,,,Frequency,50,Hz
,,,Collector_grid_nominal_voltage,34.5,kVRMSLL
,,,Tx_grid_nominal_voltage(POI),220,kVRMSLL
,,,Include_ZigZag_transformer_option,1,
,,,R_ZigZag,0.10,Ohm
,,,L_ZigZag,0.3,H
,,Single_pv_array,S_spv,1.667,MVA
,,,Inverter_nominal_voltage,0.575,kVRMSLL
,,,DC_voltage,1.264,kVRMSLL
,,,Q_filt,15,kVAR
,,,R_Choke,0.005,pu
,,,L_Choke,0.15,pu
,,Collector_grid,Inc_collector,,
,,,R_collector,0.1265,Ohm
,,,L_collector,0.3831e-3,H
,,,C_collector,7e-6,F
,,Operating_conditions,N_PV_inServ,33,
,,,Q_ctrlMode,1,
,,,Reactive_ref,0.007271273,pu
,,,P_ctrlMode,2,
,,,Active_ref,0.6169,pu
PFV_LCruz_Solar,Standar,Photovoltaic_park_parameters,N_PV_arrays,32,
,,,Frequency,50,Hz
,,,Collector_grid_nominal_voltage,34.5,kVRMSLL
,,,Tx_grid_nominal_voltage(POI),220,kVRMSLL
,,,Include_ZigZag_transformer_option,1,
,,,R_ZigZag,0.1,Ohm
,,,L_ZigZag,0.3,H
,,Single_pv_array,S_spv,1.667,MVA
,,,Inverter_nominal_voltage,0.575,kVRMSLL
,,,DC_voltage,1.264,kVRMSLL
,,,Q_filt,15,kVAR
,,,R_Choke,0.005,pu
,,,L_Choke,0.15,pu
,,Collector_grid,Inc_collector,,
,,,R_collector,0.1265,Ohm
,,,L_collector,0.3831e-3,H
,,,C_collector,7e-6,F
,,Operating_conditions,N_PV_inServ,32,
,,,Q_ctrlMode,1,
,,,Reactive_ref,0.013122376,pu
,,,P_ctrlMode,2,
,,,Active_ref,0.6169,pu
PFV_Maria_Elena,Standar,Photovoltaic_park_parameters,N_PV_arrays,41,
,,,Frequency,50,Hz
,,,Collector_grid_nominal_voltage,34.5,kVRMSLL
,,,Tx_grid_nominal_voltage(POI),220,kVRMSLL
,,,Include_ZigZag_transformer_option,1,
,,,R_ZigZag,0.1,Ohm
,,,L_ZigZag,0.3,H
,,Single_pv_array,S_spv,1.667,MVA
,,,Inverter_nominal_voltage,0.575,kVRMSLL
,,,DC_voltage,1.264,kVRMSLL
,,,Q_filt,15,kVAR
,,,R_Choke,0.005,pu
,,,L_Choke,0.15,pu
,,Collector_grid,Inc_collector,,
,,,R_collector,0.1265,Ohm
,,,L_collector,0.3831e-3,H
,,,C_collector,7e-6,F
,,Operating_conditions,N_PV_inServ,41,
,,,Q_ctrlMode,1,
,,,Reactive_ref,-0.14689745,pu
,,,P_ctrlMode,2,
,,,Active_ref,0.6169,pu
PFV_STA_ISABEL,Standar,Photovoltaic_park_parameters,N_PV_arrays,110,
,,,Frequency,50,Hz
,,,Collector_grid_nominal_voltage,34.5,kVRMSLL
,,,Tx_grid_nominal_voltage(POI),220,kVRMSLL
,,,Include_ZigZag_transformer_option,1,
,,,R_ZigZag,0.1,Ohm
,,,L_ZigZag,0.3,H
,,Single_pv_array,S_spv,1.667,MVA
,,,Inverter_nominal_voltage,0.575,kVRMSLL
,,,DC_voltage,1.264,kVRMSLL
,,,Q_filt,75,kVAR
,,,R_Choke,0.005,pu
,,,L_Choke,0.15,pu
,,Collector_grid,Inc_collector,,
,,,R_collector,0.1265,Ohm
,,,L_collector,0.3831e-3,H
,,,C_collector,7e-6,F
,,Operating_conditions,N_PV_inServ,63,
,,,Q_ctrlMode,1,
,,,Reactive_ref,0.28,pu
,,,P_ctrlMode,2,
,,,Active_ref,0.95,pu
PFV_Coya,Standar,Photovoltaic_park_parameters,N_PV_arrays,116,
,,,Frequency,50,Hz
,,,Collector_grid_nominal_voltage,34.5,kVRMSLL
,,,Tx_grid_nominal_voltage(POI),220,kVRMSLL
,,,Include_ZigZag_transformer_option,1,
,,,R_ZigZag,0.1265,Ohm
,,,L_ZigZag,0.3831e-3,H
,,Single_pv_array,S_spv,1.667,MVA
,,,Inverter_nominal_voltage,0.575,kVRMSLL
,,,DC_voltage,1.264,kVRMSLL
,,,Q_filt,15,kVAR
,,,R_Choke,0.005,pu
,,,L_Choke,0.15,pu
,,Collector_grid,Inc_collector,,
,,,R_collector,0.1265,Ohm
,,,L_collector,0.3831e-3,H
,,,C_collector,7e-6,F
,,Operating_conditions,N_PV_inServ,116,
,,,Q_ctrlMode,1,
,,,Reactive_ref,-0.056109468,pu
,,,P_ctrlMode,2,
,,,Active_ref,0.6169,pu
PFV_Elena_Kimal,Standar,Photovoltaic_park_parameters,N_PV_arrays,321,
,,,Frequency,50,Hz
,,,Collector_grid_nominal_voltage,34.5,kVRMSLL
,,,Tx_grid_nominal_voltage(POI),220,kVRMSLL
,,,Include_ZigZag_transformer_option,,
,,,R_ZigZag,0.1265,Ohm
,,,L_ZigZag,0.3831e-3,H
,,Single_pv_array,S_spv,1.667,MVA
,,,Inverter_nominal_voltage,0.575,kVRMSLL
,,,DC_voltage,1.264,kVRMSLL
,,,Q_filt,75,kVAR
,,,R_Choke,0.005,pu
,,,L_Choke,0.15,pu
,,Collector_grid,Inc_collector,,
,,,R_collector,0.1265,Ohm
,,,L_collector,0.3831e-3,H
,,,C_collector,7e-6,F
,,Operating_conditions,N_PV_inServ,321,
,,,Q_ctrlMode,1,
,,,Reactive_ref,0,pu
,,,P_ctrlMode,2,
,,,Active_ref,0.6169,pu
PFV_Las_Salinas,Standar,Photovoltaic_park_parameters,N_PV_arrays,233,
,,,Frequency,50,Hz
,,,Collector_grid_nominal_voltage,34.5,kVRMSLL
,,,Tx_grid_nominal_voltage(POI),220,kVRMSLL
,,,Include_ZigZag_transformer_option,1,
,,,R_ZigZag,0.1265,Ohm
,,,L_ZigZag,0.3831e-3,H
,,Single_pv_array,S_spv,1.667,MVA
,,,Inverter_nominal_voltage,0.575,kVRMSLL
,,,DC_voltage,1.264,kVRMSLL
,,,Q_filt,75,kVAR
,,,R_Choke,0.005,pu
,,,L_Choke,0.15,pu
,,Collector_grid,Inc_collector,,
,,,R_collector,0.1265,Ohm
,,,L_collector,0.3831e-3,H
,,,C_collector,7e-6,F
,,Operating_conditions,N_PV_inServ,233,
,,,Q_ctrlMode,1,
,,,Reactive_ref,-0.038618886,pu
,,,P_ctrlMode,2,
,,,Active_ref,0.6169,pu
PFV_Pedro_de_Valdivia,Standar,Photovoltaic_park_parameters,N_PV_arrays,66,
,,,Frequency,50,Hz
,,,Collector_grid_nominal_voltage,34.5,kVRMSLL
,,,Tx_grid_nominal_voltage(POI),220,kVRMSLL
,,,Include_ZigZag_transformer_option,1,
,,,R_ZigZag,0.1265,Ohm
,,,L_ZigZag,0.3831e-3,H
,,Single_pv_array,S_spv,1.667,MVA
,,,Inverter_nominal_voltage,0.575,kVRMSLL
,,,DC_voltage,1.264,kVRMSLL
,,,Q_filt,15,kVAR
,,,R_Choke,0.005,pu
,,,L_Choke,0.15,pu
,,Collector_grid,Inc_collector,,
,,,R_collector,0.1265,Ohm
,,,L_collector,0.3831e-3,H
,,,C_collector,7e-6,F
,,Operating_conditions,N_PV_inServ,66,
,,,Q_ctrlMode,1,
,,,Reactive_ref,-0.363654542,pu
,,,P_ctrlMode,2,
,,,Active_ref,0.6169,pu
PFV_Lalackama_Parinas,Standar,Photovoltaic_park_parameters,N_PV_arrays,35,
,,,Frequency,50,Hz
,,,Collector_grid_nominal_voltage,34.5,kVRMSLL
,,,Tx_grid_nominal_voltage(POI),220,kVRMSLL
,,,Include_ZigZag_transformer_option,,
,,,R_ZigZag,0.1265,Ohm
,,,L_ZigZag,0.3831e-3,H
,,Single_pv_array,S_spv,1.667,MVA
,,,Inverter_nominal_voltage,0.575,kVRMSLL
,,,DC_voltage,1.264,kVRMSLL
,,,Q_filt,75,kVAR
,,,R_Choke,0.005,pu
,,,L_Choke,0.15,pu
,,Collector_grid,Inc_collector,1,
,,,R_collector,0.1265,Ohm
,,,L_collector,0.3831e-3,H
,,,C_collector,7e-6,F
,,Operating_conditions,N_PV_inServ,35,
,,,Q_ctrlMode,1,
,,,Reactive_ref,0,pu
,,,P_ctrlMode,2,
,,,Active_ref,0.6169,pu
PFV_Sol_de_Varas,Standar,Photovoltaic_park_parameters,N_PV_arrays,65,
,,,Frequency,50,Hz
,,,Collector_grid_nominal_voltage,34.5,kVRMSLL
,,,Tx_grid_nominal_voltage(POI),220,kVRMSLL
,,,Include_ZigZag_transformer_option,,
,,,R_ZigZag,0.1265,Ohm
,,,L_ZigZag,0.3831e-3,H
,,Single_pv_array,S_spv,1.667,MVA
,,,Inverter_nominal_voltage,0.575,kVRMSLL
,,,DC_voltage,1.264,kVRMSLL
,,,Q_filt,75,kVAR
,,,R_Choke,0.005,pu
,,,L_Choke,0.15,pu
,,Collector_grid,Inc_collector,1,
,,,R_collector,0.1265,Ohm
,,,L_collector,0.3831e-3,H
,,,C_collector,7e-6,F
,,Operating_conditions,N_PV_inServ,40,
,,,Q_ctrlMode,1,
,,,Reactive_ref,-0.46,pu
,,,P_ctrlMode,2,
,,,Active_ref,0.985,pu
PFV_Nuevo_Futuro,Standar,Photovoltaic_park_parameters,N_PV_arrays,75,
,,,Frequency,50,Hz
,,,Collector_grid_nominal_voltage,34.5,kVRMSLL
,,,Tx_grid_nominal_voltage(POI),220,kVRMSLL
,,,Include_ZigZag_transformer_option,1,
,,,R_ZigZag,0.1265,Ohm
,,,L_ZigZag,0.3831e-3,H
,,Single_pv_array,S_spv,1.667,MVA
,,,Inverter_nominal_voltage,0.575,kVRMSLL
,,,DC_voltage,1.264,kVRMSLL
,,,Q_filt,75,kVAR
,,,R_Choke,0.005,pu
,,,L_Choke,0.15,pu
,,Collector_grid,Inc_collector,,
,,,R_collector,0.1265,Ohm
,,,L_collector,0.3831e-3,H
,,,C_collector,7e-6,F
,,Operating_conditions,N_PV_inServ,75,
,,,Q_ctrlMode,1,
,,,Reactive_ref,-0.086702659,pu
,,,P_ctrlMode,2,
,,,Active_ref,0.6169,pu
PFV_Punta_del_Viento,Standar,Photovoltaic_park_parameters,N_PV_arrays,106,
,,,Frequency,50,Hz
,,,Collector_grid_nominal_voltage,34.5,kVRMSLL
,,,Tx_grid_nominal_voltage(POI),220,kVRMSLL
,,,Include_ZigZag_transformer_option,1,
,,,R_ZigZag,0.1265,Ohm
,,,L_ZigZag,0.3831e-3,H
,,Single_pv_array,S_spv,1.667,MVA
,,,Inverter_nominal_voltage,0.575,kVRMSLL
,,,DC_voltage,1.264,kVRMSLL
,,,Q_filt,15,kVAR
,,,R_Choke,0.005,pu
,,,L_Choke,0.15,pu
,,Collector_grid,Inc_collector,,
,,,R_collector,0.1265,Ohm
,,,L_collector,0.3831e-3,H
,,,C_collector,7e-6,F
,,Operating_conditions,N_PV_inServ,106,
,,,Q_ctrlMode,1,
,,,Reactive_ref,-0.011601453,pu
,,,P_ctrlMode,2,
,,,Active_ref,0.6169,pu
PFV_Libelula_Gen,Standar,Photovoltaic_park_parameters,N_PV_arrays,186,
,,,Frequency,50,Hz
,,,Collector_grid_nominal_voltage,34.5,kVRMSLL
,,,Tx_grid_nominal_voltage(POI),220,kVRMSLL
,,,Include_ZigZag_transformer_option,1,
,,,R_ZigZag,0.1265,Ohm
,,,L_ZigZag,0.3831e-3,H
,,Single_pv_array,S_spv,1.667,MVA
,,,Inverter_nominal_voltage,0.575,kVRMSLL
,,,DC_voltage,1.264,kVRMSLL
,,,Q_filt,15,kVAR
,,,R_Choke,0.005,pu
,,,L_Choke,0.15,pu
,,Collector_grid,Inc_collector,,
,,,R_collector,0.1265,Ohm
,,,L_collector,0.3831e-3,H
,,,C_collector,7e-6,F
,,Operating_conditions,N_PV_inServ,110,
,,,Q_ctrlMode,1,
,,,Reactive_ref,0,pu
,,,P_ctrlMode,2,
,,,Active_ref,1,pu
PFV_Meseta_de_los_Andes,Standar,Photovoltaic_park_parameters,N_PV_arrays,98,
,,,Frequency,50,Hz
,,,Collector_grid_nominal_voltage,34.5,kVRMSLL
,,,Tx_grid_nominal_voltage(POI),220,kVRMSLL
,,,Include_ZigZag_transformer_option,1,
,,,R_ZigZag,0.1265,Ohm
,,,L_ZigZag,0.3831e-3,H
,,Single_pv_array,S_spv,1.667,MVA
,,,Inverter_nominal_voltage,0.575,kVRMSLL
,,,DC_voltage,1.264,kVRMSLL
,,,Q_filt,15,kVAR
,,,R_Choke,0.005,pu
,,,L_Choke,0.15,pu
,,Collector_grid,Inc_collector,,
,,,R_collector,0.1265,Ohm
,,,L_collector,0.3831e-3,H
,,,C_collector,7e-6,F
,,Operating_conditions,N_PV_inServ,65,
,,,Q_ctrlMode,1,
,,,Reactive_ref,0,pu
,,,P_ctrlMode,2,
,,,Active_ref,0.99,pu
PFV_QUILLOTA,Standar,Photovoltaic_park_parameters,N_PV_arrays,150,
,,,Frequency,50,Hz
,,,Collector_grid_nominal_voltage,34.5,kVRMSLL
,,,Tx_grid_nominal_voltage(POI),220,kVRMSLL
,,,Include_ZigZag_transformer_option,1,
,,,R_ZigZag,0.1265,Ohm
,,,L_ZigZag,0.3831e-3,H
,,Single_pv_array,S_spv,1.667,MVA
,,,Inverter_nominal_voltage,0.575,kVRMSLL
,,,DC_voltage,1.264,kVRMSLL
,,,Q_filt,75,kVAR
,,,R_Choke,0.005,pu
,,,L_Choke,0.15,pu
,,Collector_grid,Inc_collector,,
,,,R_collector,0.1265,Ohm
,,,L_collector,0.3831e-3,H
,,,C_collector,7e-6,F
,,Operating_conditions,N_PV_inServ,150,
,,,Q_ctrlMode,1,
,,,Reactive_ref,0.7,pu
,,,P_ctrlMode,2,
,,,Active_ref,0.8,pu
PFV_LAMPA,Standar,Photovoltaic_park_parameters,N_PV_arrays,150,
,,,Frequency,50,Hz
,,,Collector_grid_nominal_voltage,34.5,kVRMSLL
,,,Tx_grid_nominal_voltage(POI),220,kVRMSLL
,,,Include_ZigZag_transformer_option,1,
,,,R_ZigZag,0.1265,Ohm
,,,L_ZigZag,0.3831e-3,H
,,Single_pv_array,S_spv,1.667,MVA
,,,Inverter_nominal_voltage,0.575,kVRMSLL
,,,DC_voltage,1.264,kVRMSLL
,,,Q_filt,75,kVAR
,,,R_Choke,0.005,pu
,,,L_Choke,0.15,pu
,,Collector_grid,Inc_collector,,
,,,R_collector,0.1265,Ohm
,,,L_collector,0.3831e-3,H
,,,C_collector,7e-6,F
,,Operating_conditions,N_PV_inServ,150,
,,,Q_ctrlMode,1,
,,,Reactive_ref,0.2,pu
,,,P_ctrlMode,2,
,,,Active_ref,0.8,pu
PFV_Granja_Solar,Standar,Photovoltaic_park_parameters,N_PV_arrays,69,
,,,Frequency,50,Hz
,,,Collector_grid_nominal_voltage,34.5,kVRMSLL
,,,Tx_grid_nominal_voltage(POI),220,kVRMSLL
,,,Include_ZigZag_transformer_option,1,
,,,R_ZigZag,0.1,Ohm
,,,L_ZigZag,0.3,H
,,Single_pv_array,S_spv,1.667,MVA
,,,Inverter_nominal_voltage,0.575,kVRMSLL
,,,DC_voltage,1.264,kVRMSLL
,,,Q_filt,75,kVAR
,,,R_Choke,0.005,pu
,,,L_Choke,0.15,pu
,,Collector_grid,Inc_collector,,
,,,R_collector,0.1265,Ohm
,,,L_collector,0.3831e-3,H
,,,C_collector,7e-6,F
,,Operating_conditions,N_PV_inServ,69,
,,,Q_ctrlMode,1,
,,,Reactive_ref,-0.008867792,pu
,,,P_ctrlMode,2,
,,,Active_ref,0.6169,pu
PFV_Huatacondo,Standar,Photovoltaic_park_parameters,N_PV_arrays,59,
,,,Frequency,50,Hz
,,,Collector_grid_nominal_voltage,34.5,kVRMSLL
,,,Tx_grid_nominal_voltage(POI),220,kVRMSLL
,,,Include_ZigZag_transformer_option,1,
,,,R_ZigZag,0.10,Ohm
,,,L_ZigZag,0.3,H
,,Single_pv_array,S_spv,1.667,MVA
,,,Inverter_nominal_voltage,0.575,kVRMSLL
,,,DC_voltage,1.264,kVRMSLL
,,,Q_filt,15,kVAR
,,,R_Choke,0.005,pu
,,,L_Choke,0.15,pu
,,Collector_grid,Inc_collector,,
,,,R_collector,0.1265,Ohm
,,,L_collector,0.3831e-3,H
,,,C_collector,7e-6,F
,,Operating_conditions,N_PV_inServ,59,
,,,Q_ctrlMode,1,
,,,Reactive_ref,-0.289874229,pu
,,,P_ctrlMode,2,
,,,Active_ref,0.6169,pu
PFV_Atacama_Solar_II,Standar,Photovoltaic_park_parameters,N_PV_arrays,105,
,,,Frequency,50,Hz
,,,Collector_grid_nominal_voltage,34.5,kVRMSLL
,,,Tx_grid_nominal_voltage(POI),220,kVRMSLL
,,,Include_ZigZag_transformer_option,1,
,,,R_ZigZag,0.1,Ohm
,,,L_ZigZag,0.3,H
,,Single_pv_array,S_spv,1.667,MVA
,,,Inverter_nominal_voltage,0.575,kVRMSLL
,,,DC_voltage,1.264,kVRMSLL
,,,Q_filt,15,kVAR
,,,R_Choke,0.005,pu
,,,L_Choke,0.15,pu
,,Collector_grid,Inc_collector,,
,,,R_collector,0.1265,Ohm
,,,L_collector,0.3831e-3,H
,,,C_collector,7e-6,F
,,Operating_conditions,N_PV_inServ,105,
,,,Q_ctrlMode,1,
,,,Reactive_ref,-0.205101837,pu
,,,P_ctrlMode,2,
,,,Active_ref,0.6169,pu
PFV_Nuevo_Quillahua,Standar,Photovoltaic_park_parameters,N_PV_arrays,65,
,,,Frequency,50,Hz
,,,Collector_grid_nominal_voltage,34.5,kVRMSLL
,,,Tx_grid_nominal_voltage(POI),220,kVRMSLL
,,,Include_ZigZag_transformer_option,1,
,,,R_ZigZag,0.1,Ohm
,,,L_ZigZag,0.3,H
,,Single_pv_array,S_spv,1.667,MVA
,,,Inverter_nominal_voltage,0.575,kVRMSLL
,,,DC_voltage,1.264,kVRMSLL
,,,Q_filt,15,kVAR
,,,R_Choke,0.005,pu
,,,L_Choke,0.15,pu
,,Collector_grid,Inc_collector,,
,,,R_collector,0.1265,Ohm
,,,L_collector,0.3831e-3,H
,,,C_collector,7e-6,F
,,Operating_conditions,N_PV_inServ,65,
,,,Q_ctrlMode,1,
,,,Reactive_ref,-0.019380739,pu
,,,P_ctrlMode,2,
,,,Active_ref,0.6169,pu
PFV_Willka2,Standar,Photovoltaic_park_parameters,N_PV_arrays,63,
,,,Frequency,50,Hz
,,,Collector_grid_nominal_voltage,34.5,kVRMSLL
,,,Tx_grid_nominal_voltage(POI),220,kVRMSLL
,,,Include_ZigZag_transformer_option,1,
,,,R_ZigZag,0.1265,Ohm
,,,L_ZigZag,0.3831e-3,H
,,Single_pv_array,S_spv,1.667,MVA
,,,Inverter_nominal_voltage,0.575,kVRMSLL
,,,DC_voltage,1.264,kVRMSLL
,,,Q_filt,75,kVAR
,,,R_Choke,0.005,pu
,,,L_Choke,0.15,pu
,,Collector_grid,Inc_collector,,
,,,R_collector,0.1265,Ohm
,,,L_collector,0.3831e-3,H
,,,C_collector,7e-6,F
,,Operating_conditions,N_PV_inServ,63,
,,,Q_ctrlMode,1,
,,,Reactive_ref,-0.207101437,pu
,,,P_ctrlMode,2,
,,,Active_ref,0.6169,pu
