Name_of_SG,Type_of_data,Parameter,Value,Unit,Status
Nueva_Ventanas,Electrical_data,V_a,18,1kVRMSLL,
,,V_b,18,1kVRMSLL,
,,V_c,18,1kVRMSLL,
,,Rated_voltage_(Y-connection),18,kVRMSLL,
,,Rated_power,330,MVA,
,,R_a,.00083,pu,
,,X_l,0.14,pu,
,,X_0,0.101,pu,
,,X_d,2.354,pu,
,,X_q,2.02,pu,
,,X_dp,0.193,pu,
,,X_dpp,0.143,pu,
,,T_dp,0.8690739,s,
,,T_dpp,0.02963731,s,
,,X_qp,0.839,pu,
,,X_qpp,0.162,pu,
,,T_qp,1.142203,s,
,,T_qpp,0.05792611,s,
,Mechanical_data,H,6.93,kgm^2/rad,
Campiche,Electrical_data,V_a,18,1kVRMSLL,
,,V_b,18,1kVRMSLL,
,,V_c,18,1kVRMSLL,
,,Rated_voltage_(Y-connection),18,kVRMSLL,
,,Rated_power,330,MVA,
,,R_a,.0077,pu,
,,X_l,0.152,pu,
,,X_0,0.101,pu,
,,X_d,2.36,pu,
,,X_q,2.22,pu,
,,X_dp,0.193,pu,
,,X_dpp,0.155,pu,
,,T_dp,0.8954873,s,
,,T_dpp,0.03212435,s,
,,X_qp,0.839,pu,
,,X_qpp,0.162,pu,
,,T_qp,1.107329,s,
,,T_qpp,0.06178784,s,
,Mechanical_data,H,6.8,kgm^2/rad,
Ventanas_U1,Electrical_data,V_a,13.8,1kVRMSLL,
,,V_b,13.8,1kVRMSLL,
,,V_c,13.8,1kVRMSLL,
,,Rated_voltage_(Y-connection),13.8,kVRMSLL,
,,Rated_power,135.3,MVA,
,,R_a,.00083,pu,
,,X_l,0.1,pu,
,,X_0,0.07,pu,
,,X_d,1.69,pu,
,,X_q,1.6,pu,
,,X_dp,0.18,pu,
,,X_dpp,0.12,pu,
,,T_dp,1.092781,s,
,,T_dpp,0.02846666,s,
,,X_qp,0.25,pu,
,,X_qpp,0.12,pu,
,,T_qp,0.078125,s,
,,T_qpp,0.0336,s,
,Mechanical_data,H,3.64,kgm^2/rad,
Ventanas_U2,Electrical_data,V_a,18,1kVRMSLL,
,,V_b,18,1kVRMSLL,
,,V_c,18,1kVRMSLL,
,,Rated_voltage_(Y-connection),18,kVRMSLL,
,,Rated_power,257.1,MVA,
,,R_a,.00083,pu,
,,X_l,0.1,pu,
,,X_0,0.085,pu,
,,X_d,1.47,pu,
,,X_q,1.42,pu,
,,X_dp,0.23,pu,
,,X_dpp,0.17,pu,
,,T_dp,0.8448979,s,
,,T_dpp,0.01478261,s,
,,X_qp,0.425,pu,
,,X_qpp,0.17,pu,
,,T_qp,0.2208803,s,
,,T_qpp,0.0148,s,
,Mechanical_data,H,3.04,kgm^2/rad,
Cardones_U1,Electrical_data,V_a,15.75,1kVRMSLL,
,,V_b,15.75,1kVRMSLL,
,,V_c,15.75,1kVRMSLL,
,,Rated_voltage_(Y-connection),15.75,kVRMSLL,
,,Rated_power,179.86,MVA,
,,R_a,.0007,pu,
,,X_l,0.0001,pu,
,,X_0,0.089,pu,
,,X_d,2.15,pu,
,,X_q,2.04,pu,
,,X_dp,0.23,pu,
,,X_dpp,0.17,pu,
,,T_dp,1.342,s,
,,T_dpp,0.03663509,s,
,,X_qp,2.04,pu,
,,X_qpp,0.19,pu,
,,T_qp,0,s,
,,T_qpp,0.04462381,s,
,Mechanical_data,H,5.5,kgm^2/rad,
Taltal_U1,Electrical_data,V_a,15,1kVRMSLL,
,,V_b,15,1kVRMSLL,
,,V_c,15,1kVRMSLL,
,,Rated_voltage_(Y-connection),15,kVRMSLL,
,,Rated_power,165,MVA,
,,R_a,.0001,pu,
,,X_l,0.17,pu,
,,X_0,0.1,pu,
,,X_d,2.15,pu,
,,X_q,1.86,pu,
,,X_dp,0.267,pu,
,,X_dpp,0.195,pu,
,,T_dp,0.9376046,s,
,,T_dpp,0.02921348,s,
,,X_qp,0.319,pu,
,,X_qpp,0.22,pu,
,,T_qp,0.1372043,s,
,,T_qpp,0.03724138,s,
,Mechanical_data,H,5.5,kgm^2/rad,
Taltal_U2,Electrical_data,V_a,15,1kVRMSLL,
,,V_b,15,1kVRMSLL,
,,V_c,15,1kVRMSLL,
,,Rated_voltage_(Y-connection),15,kVRMSLL,
,,Rated_power,165,MVA,
,,R_a,.0001,pu,
,,X_l,0.17,pu,
,,X_0,0.1,pu,
,,X_d,1.985,pu,
,,X_q,1.907,pu,
,,X_dp,0.285,pu,
,,X_dpp,0.197,pu,
,,T_dp,0.9533501,s,
,,T_dpp,0.03663509,s,
,,X_qp,0.319,pu,
,,X_qpp,0.195,pu,
,,T_qp,0.1338228,s,
,,T_qpp,0.04462381,s,
,Mechanical_data,H,5.5,kgm^2/rad,
San_Isidro_U1_TV,Electrical_data,V_a,15,1kVRMSLL,
,,V_b,15,1kVRMSLL,
,,V_c,15,1kVRMSLL,
,,Rated_voltage_(Y-connection),15,kVRMSLL,
,,Rated_power,162.412,MVA,
,,R_a,.002,pu,
,,X_l,0.001,pu,
,,X_0,0.08,pu,
,,X_d,2.83,pu,
,,X_q,2.81,pu,
,,X_dp,0.343,pu,
,,X_dpp,0.277,pu,
,,T_dp,1.151413,s,
,,T_dpp,0.04037901,s,
,,X_qp,0.5,pu,
,,X_qpp,0.277,pu,
,,T_qp,0.03558719,s,
,,T_qpp,0.0117448,s,
,Mechanical_data,H,4.5,kgm^2/rad,
Rapel_U1,Electrical_data,V_a,13.8,1kVRMSLL,
,,V_b,13.8,1kVRMSLL,
,,V_c,13.8,1kVRMSLL,
,,Rated_voltage_(Y-connection),13.8,kVRMSLL,
,,Rated_power,76,MVA,
,,R_a,0,pu,
,,X_l,0.134,pu,
,,X_0,0.015,pu,
,,X_d,1.,pu,
,,X_q,0.55,pu,
,,X_dp,0.321,pu,
,,X_dpp,0.216,pu,
,,T_dp,2.034819,s,
,,T_dpp,0.06123365,s,
,,X_qp,0.59,pu,
,,X_qpp,0.224,pu,
,,T_qp,0.4477678,s,
,,T_qpp,0.07901091,s,
,Mechanical_data,H,4,kgm^2/rad,
Rapel_U2,Electrical_data,V_a,13.8,1kVRMSLL,
,,V_b,13.8,1kVRMSLL,
,,V_c,13.8,1kVRMSLL,
,,Rated_voltage_(Y-connection),13.8,kVRMSLL,
,,Rated_power,72.2,MVA,
,,R_a,0,pu,
,,X_l,0.134,pu,
,,X_0,0.015,pu,
,,X_d,1,pu,
,,X_q,0.55,pu,
,,X_dp,0.321,pu,
,,X_dpp,0.216,pu,
,,T_dp,2.034819,s,
,,T_dpp,0.06123365,s,
,,X_qp,0.309,pu,
,,X_qpp,0.224,pu,
,,T_qp,0.4477678,s,
,,T_qpp,0.07901091,s,
,Mechanical_data,H,4,kgm^2/rad,
Rapel_U3,Electrical_data,V_a,13.3,1kVRMSLL,
,,V_b,13.3,1kVRMSLL,
,,V_c,13.3,1kVRMSLL,
,,Rated_voltage_(Y-connection),13.8,kVRMSLL,
,,Rated_power,76,MVA,
,,R_a,0,pu,
,,X_l,0.134,pu,
,,X_0,0.015,pu,
,,X_d,1,pu,
,,X_q,0.55,pu,
,,X_dp,1,pu,
,,X_dpp,0.216,pu,
,,T_dp,2.034819,s,
,,T_dpp,0.06123365,s,
,,X_qp,0.309,pu,
,,X_qpp,0.224,pu,
,,T_qp,0.1814167,s,
,,T_qpp,0.07901091,s,
,Mechanical_data,H,4,kgm^2/rad,
Rapel_U4,Electrical_data,V_a,13.8,1kVRMSLL,
,,V_b,13.8,1kVRMSLL,
,,V_c,13.8,1kVRMSLL,
,,Rated_voltage_(Y-connection),13.8,kVRMSLL,
,,Rated_power,76,MVA,
,,R_a,0,pu,
,,X_l,0.134,pu,
,,X_0,0.015,pu,
,,X_d,1,pu,
,,X_q,0.55,pu,
,,X_dp,0.321,pu,
,,X_dpp,0.216,pu,
,,T_dp,2.034819,s,
,,T_dpp,0.06123365,s,
,,X_qp,0.224,pu,
,,X_qpp,0.224,pu,
,,T_qp,0.2078476,s,
,,T_qpp,0.07901091,s,
,Mechanical_data,H,4,kgm^2/rad,
Rapel_U5,Electrical_data,V_a,13.8,1kVRMSLL,
,,V_b,13.8,1kVRMSLL,
,,V_c,13.8,1kVRMSLL,
,,Rated_voltage_(Y-connection),13.8,kVRMSLL,
,,Rated_power,76,MVA,
,,R_a,0,pu,
,,X_l,0.134,pu,
,,X_0,0.015,pu,
,,X_d,1,pu,
,,X_q,0.55,pu,
,,X_dp,0.321,pu,
,,X_dpp,0.216,pu,
,,T_dp,2.034819,s,
,,T_dpp,0.07901091,s,
,,X_qp,0.352,pu,
,,X_qpp,0.224,pu,
,,T_qp,0.2078476,s,
,,T_qpp,0.07901091,s,
,Mechanical_data,H,4,kgm^2/rad,
San_Isidro_U1_TG,Electrical_data,V_a,13.8,1kVRMSLL,
,,V_b,13.8,1kVRMSLL,
,,V_c,13.8,1kVRMSLL,
,,Rated_voltage_(Y-connection),13.8,kVRMSLL,
,,Rated_power,283.59,MVA,
,,R_a,.002,pu,
,,X_l,0.1035,pu,
,,X_0,0.06,pu,
,,X_d,2.17,pu,
,,X_q,2.12,pu,
,,X_dp,0.27,pu,
,,X_dpp,0.207,pu,
,,T_dp,1.306452,s,
,,T_dpp,0.03833333,s,
,,X_qp,0.27,pu,
,,X_qpp,0.207,pu,
,,T_qp,0.0254717,s,
,,T_qpp,0.1533333,s,
,Mechanical_data,H,4,kgm^2/rad,
San_Isidro_U1_TV,Electrical_data,V_a,15,1kVRMSLL,
,,V_b,15,1kVRMSLL,
,,V_c,15,1kVRMSLL,
,,Rated_voltage_(Y-connection),15,kVRMSLL,
,,Rated_power,162.412,MVA,
,,R_a,.002,pu,
,,X_l,0.001,pu,
,,X_0,0.08,pu,
,,X_d,2.83,pu,
,,X_q,2.81,pu,
,,X_dp,0.343,pu,
,,X_dpp,0.277,pu,
,,T_dp,1.151413,s,
,,T_dpp,0.04037901,s,
,,X_qp,0.5,pu,
,,X_qpp,0.277,pu,
,,T_qp,0.03558719,s,
,,T_qpp,0.0117448,s,
,Mechanical_data,H,4.5,kgm^2/rad,
San_Isidro_U2_TV,Electrical_data,V_a,13.2,1kVRMSLL,
,,V_b,13.2,1kVRMSLL,
,,V_c,13.2,1kVRMSLL,
,,Rated_voltage_(Y-connection),13.2,kVRMSLL,
,,Rated_power,163,MVA,
,,R_a,.002,pu,
,,X_l,0.11,pu,
,,X_0,0.066,pu,
,,X_d,2.04,pu,
,,X_q,1.99,pu,
,,X_dp,0.175,pu,
,,X_dpp,0.132,pu,
,,T_dp,0.8235295,s,
,,T_dpp,0.03469715,s,
,,X_qp,0.318,pu,
,,X_qpp,0.132,pu,
,,T_qp,0.2396985,s,
,,T_qpp,0.03486792,s,
,Mechanical_data,H,7.92,kgm^2/rad,
San_Isidro_U2_TG,Electrical_data,V_a,15,1kVRMSLL,
,,V_b,15,1kVRMSLL,
,,V_c,15,1kVRMSLL,
,,Rated_voltage_(Y-connection),15,kVRMSLL,
,,Rated_power,305,MVA,
,,R_a,.002,pu,
,,X_l,0.11,pu,
,,X_0,0.11,pu,
,,X_d,1.95,pu,
,,X_q,1.75,pu,
,,X_dp,0.23,pu,
,,X_dpp,0.22,pu,
,,T_dp,0.8103077,s,
,,T_dpp,0.04304348,s,
,,X_qp,0.39,pu,
,,X_qpp,0.22,pu,
,,T_qp,0.3342857,s,
,,T_qpp,0.0428718,s,
,Mechanical_data,H,7,kgm^2/rad,
GUACOLDA_U1,Electrical_data,V_a,13.799999999999974,1kVRMSLL,
,,V_b,13.799999999999974,1kVRMSLL,
,,V_c,13.799999999999974,1kVRMSLL,
,,Rated_voltage_(Y-connection),13.8,kVRMSLL,
,,Rated_power,176.5,MVA,
,,R_a,.002,pu,
,,X_l,0.1,pu,
,,X_0,0.0977,pu,
,,X_d,2.24,pu,
,,X_q,2.24,pu,
,,X_dp,0.236,pu,
,,X_dpp,0.176,pu,
,,T_dp,0.8955357,s,
,,T_dpp,0.01640678,s,
,,X_qp,0.59,pu,
,,X_qpp,0.176,pu,
,,T_qp,0.4477678,s,
,,T_qpp,0.00656271,s,
,Mechanical_data,H,4.32,kgm^2/rad,
GUADOLDA_U2,Electrical_data,V_a,13.799999999999974,1kVRMSLL,
,,V_b,13.799999999999974,1kVRMSLL,
,,V_c,13.799999999999974,1kVRMSLL,
,,Rated_voltage_(Y-connection),13.8,kVRMSLL,
,,Rated_power,176.5,MVA,
,,R_a,.002,pu,
,,X_l,0.1,pu,
,,X_0,0.0977,pu,
,,X_d,2.24,pu,
,,X_q,2.24,pu,
,,X_dp,0.236,pu,
,,X_dpp,0.176,pu,
,,T_dp,0.8955357,s,
,,T_dpp,0.01640678,s,
,,X_qp,0.59,pu,
,,X_qpp,0.176,pu,
,,T_qp,0.4477678,s,
,,T_qpp,0.00656271,s,
,Mechanical_data,H,4.32,kgm^2/rad,
GUACOLDA_U3,Electrical_data,V_a,13.424772670912212,1kVRMSLL,
,,V_b,13.424772670912212,1kVRMSLL,
,,V_c,13.424772670912212,1kVRMSLL,
,,Rated_voltage_(Y-connection),13.3,kVRMSLL,
,,Rated_power,178.82,MVA,
,,R_a,.002,pu,
,,X_l,0.09,pu,
,,X_0,0.067,pu,
,,X_d,1.603,pu,
,,X_q,1.567,pu,
,,X_dp,0.183,pu,
,,X_dpp,0.151,pu,
,,T_dp,0.9475359,s,
,,T_dpp,0.03548088,s,
,,X_qp,0.309,pu,
,,X_qpp,0.131,pu,
,,T_qp,0.1814167,s,
,,T_qpp,0.0351877,s,
,Mechanical_data,H,4.95,kgm^2/rad,
GUACOLDA_U4,Electrical_data,V_a,14.5,1kVRMSLL,
,,V_b,14.5,1kVRMSLL,
,,V_c,14.5,1kVRMSLL,
,,Rated_voltage_(Y-connection),14.5,kVRMSLL,
,,Rated_power,178.72,MVA,
,,R_a,.002,pu,
,,X_l,0.13,pu,
,,X_0,0.075,pu,
,,X_d,2.17,pu,
,,X_q,2.1,pu,
,,X_dp,0.184,pu,
,,X_dpp,0.146,pu,
,,T_dp,0.9411982,s,
,,T_dpp,0.03729348,s,
,,X_qp,0.352,pu,
,,X_qpp,0.143,pu,
,,T_qp,0.2078476,s,
,,T_qpp,0.0349375,s,
,Mechanical_data,H,4.95,kgm^2/rad,
GUACOLDA_U5,Electrical_data,V_a,14.5,1kVRMSLL,
,,V_b,14.5,1kVRMSLL,
,,V_c,14.5,1kVRMSLL,
,,Rated_voltage_(Y-connection),14.5,kVRMSLL,
,,Rated_power,181.177,MVA,
,,R_a,.002,pu,
,,X_l,0.13,pu,
,,X_0,0.075,pu,
,,X_d,2.17,pu,
,,X_q,2.1,pu,
,,X_dp,0.184,pu,
,,X_dpp,0.146,pu,
,,T_dp,0.9411982,s,
,,T_dpp,0.03729348,s,
,,X_qp,0.352,pu,
,,X_qpp,0.143,pu,
,,T_qp,0.2078476,s,
,,T_qpp,0.0349375,s,
,Mechanical_data,H,4.95,kgm^2/rad,
Quintero_TG1A,Electrical_data,V_a,15,1kVRMSLL,
,,V_b,15,1kVRMSLL,
,,V_c,15,1kVRMSLL,
,,Rated_voltage_(Y-connection),15,kVRMSLL,
,,Rated_power,170.47,MVA,
,,R_a,.002,pu,
,,X_l,0.144,pu,
,,X_0,0.096,pu,
,,X_d,2.2,pu,
,,X_q,2.01,pu,
,,X_dp,0.279,pu,
,,X_dpp,0.198,pu,
,,T_dp,1.953,s,
,,T_dpp,0.03548387,s,
,,X_qp,0.4,pu,
,,X_qpp,0.24,pu,
,,T_qp,0.6169154,s,
,,T_qpp,0.03,s,
,Mechanical_data,H,6.03,kgm^2/rad,
Quintero_TG1B,Electrical_data,V_a,15,1kVRMSLL,
,,V_b,15,1kVRMSLL,
,,V_c,15,1kVRMSLL,
,,Rated_voltage_(Y-connection),15,kVRMSLL,
,,Rated_power,170.47,MVA,
,,R_a,.002,pu,
,,X_l,0.144,pu,
,,X_0,0.096,pu,
,,X_d,2.2,pu,
,,X_q,2.01,pu,
,,X_dp,0.279,pu,
,,X_dpp,0.198,pu,
,,T_dp,1.953,s,
,,T_dpp,0.03548387,s,
,,X_qp,0.4,pu,
,,X_qpp,0.24,pu,
,,T_qp,0.6169154,s,
,,T_qpp,0.03,s,
,Mechanical_data,H,5.35,kgm^2/rad,
Nehuenco_U1_TV,Electrical_data,V_a,10.5,1kVRMSLL,
,,V_b,10.5,1kVRMSLL,
,,V_c,10.5,1kVRMSLL,
,,Rated_voltage_(Y-connection),10.5,kVRMSLL,
,,Rated_power,175,MVA,
,,R_a,.002,pu,
,,X_l,0.222,pu,
,,X_0,0.12,pu,
,,X_d,2.7,pu,
,,X_q,1.95,pu,
,,X_dp,0.29,pu,
,,X_dpp,0.23,pu,
,,T_dp,1.095556,s,
,,T_dpp,0.02458621,s,
,,X_qp,0.59,pu,
,,X_qpp,0.24,pu,
,,T_qp,0.5143589,s,
,,T_qpp,0.02847458,s,
,Mechanical_data,H,7.2,kgm^2/rad,
Nehuenco_U1_TG,Electrical_data,V_a,15.75,1kVRMSLL,
,,V_b,15.75,1kVRMSLL,
,,V_c,15.75,1kVRMSLL,
,,Rated_voltage_(Y-connection),15.75,kVRMSLL,
,,Rated_power,273,MVA,
,,R_a,.002,pu,
,,X_l,0.001,pu,
,,X_0,0.1145,pu,
,,X_d,2.585,pu,
,,X_q,2.456,pu,
,,X_dp,0.2598,pu,
,,X_dpp,0.1872,pu,
,,T_dp,1.222115,s,
,,T_dpp,0.03047945,s,
,,X_qp,0.5319,pu,
,,X_qpp,0.2059,pu,
,,T_qp,0.6367207,s,
,,T_qpp,0.067743,s,
,Mechanical_data,H,7.7,kgm^2/rad,
Nehuenco_U2_TG,Electrical_data,V_a,15.75,1kVRMSLL,
,,V_b,15.75,1kVRMSLL,
,,V_c,15.75,1kVRMSLL,
,,Rated_voltage_(Y-connection),15.75,kVRMSLL,
,,Rated_power,300,MVA,
,,R_a,.002,pu,
,,X_l,0.165,pu,
,,X_0,0.125,pu,
,,X_d,2.1,pu,
,,X_q,2.02,pu,
,,X_dp,0.275,pu,
,,X_dpp,0.22,pu,
,,T_dp,1.041071,s,
,,T_dpp,0.04375999,s,
,,X_qp,0.49,pu,
,,X_qpp,0.22,pu,
,,T_qp,0.1746535,s,
,,T_qpp,0.0484898,s,
,Mechanical_data,H,4.6,kgm^2/rad,
Nehuenco_U2_TV,Electrical_data,V_a,15.75,1kVRMSLL,
,,V_b,15.75,1kVRMSLL,
,,V_c,15.75,1kVRMSLL,
,,Rated_voltage_(Y-connection),15.75,kVRMSLL,
,,Rated_power,164,MVA,
,,R_a,.002,pu,
,,X_l,0.12,pu,
,,X_0,0.087,pu,
,,X_d,2.12,pu,
,,X_q,1.91,pu,
,,X_dp,0.21,pu,
,,X_dpp,0.182,pu,
,,T_dp,1.002453,s,
,,T_dpp,0.02253333,s,
,,X_qp,0.251,pu,
,,X_qpp,0.182,pu,
,,T_qp,0.1406126,s,
,,T_qpp,0.03262949,s,
,Mechanical_data,H,6.27,kgm^2/rad,
Nehuenco_U3,Electrical_data,V_a,10.5,1kVRMSLL,
,,V_b,10.5,1kVRMSLL,
,,V_c,10.5,1kVRMSLL,
,,Rated_voltage_(Y-connection),10.5,kVRMSLL,
,,Rated_power,111.625,MVA,
,,R_a,.002,pu,
,,X_l,0.11,pu,
,,X_0,0.078,pu,
,,X_d,2.22,pu,
,,X_q,1.8,pu,
,,X_dp,0.267,pu,
,,X_dpp,0.166,pu,
,,T_dp,0.6085675,s,
,,T_dpp,0.02424719,s,
,,X_qp,0.319,pu,
,,X_qpp,0.153,pu,
,,T_qp,0.08861112,s,
,,T_qpp,0.01630721,s,
,Mechanical_data,H,7.5,kgm^2/rad,
Hornitos_U1,Electrical_data,V_a,11,1kVRMSLL,
,,V_b,11,1kVRMSLL,
,,V_c,11,1kVRMSLL,
,,Rated_voltage_(Y-connection),11,kVRMSLL,
,,Rated_power,59.8,MVA,
,,R_a,0,pu,
,,X_l,0.089,pu,
,,X_0,0.09,pu,
,,X_d,1.11,pu,
,,X_q,0.692,pu,
,,X_dp,0.274,pu,
,,X_dpp,0.187,pu,
,,T_dp,2.261117,s,
,,T_dpp,0.06824818,s,
,,X_qp,0.692,pu,
,,X_qpp,0.164,pu,
,,T_qp,0,s,
,,T_qpp,0.05687862,s,
,Mechanical_data,H,2.7,kgm^2/rad,
LosQuilos,Electrical_data,V_a,6.6,1kVRMSLL,
,,V_b,6.6,1kVRMSLL,
,,V_c,6.6,1kVRMSLL,
,,Rated_voltage_(Y-connection),6.6,kVRMSLL,
,,Rated_power,38.8,MVA,
,,R_a,0,pu,
,,X_l,0.3,pu,
,,X_0,0.115,pu,
,,X_d,1.85,pu,
,,X_q,1.3,pu,
,,X_dp,0.55,pu,
,,X_dpp,0.35,pu,
,,T_dp,2.224561,s,
,,T_dpp,0.0135,s,
,,X_qp,1,pu,
,,X_qpp,0.35,pu,
,,T_qp,0,s,
,,T_qpp,0.01280702,s,
,Mechanical_data,H,1.6,kgm^2/rad,
Blanco,Electrical_data,V_a,12,1kVRMSLL,
,,V_b,12,1kVRMSLL,
,,V_c,12,1kVRMSLL,
,,Rated_voltage_(Y-connection),12,kVRMSLL,
,,Rated_power,56,MVA,
,,R_a,0,pu,
,,X_l,0.1,pu,
,,X_0,0.075,pu,
,,X_d,1.425,pu,
,,X_q,0.855,pu,
,,X_dp,0.5,pu,
,,X_dpp,0.15,pu,
,,T_dp,2.224561,s,
,,T_dpp,0.0135,s,
,,X_qp,0.855,pu,
,,X_qpp,0.15,pu,
,,T_qp,0,s,
,,T_qpp,0.01280702,s,
,Mechanical_data,H,2.895,kgm^2/rad,
Juncal,Electrical_data,V_a,12,1kVRMSLL,
,,V_b,12,1kVRMSLL,
,,V_c,12,1kVRMSLL,
,,Rated_voltage_(Y-connection),12,kVRMSLL,
,,Rated_power,30,MVA,
,,R_a,0,pu,
,,X_l,0.085,pu,
,,X_0,0.075,pu,
,,X_d,1.502,pu,
,,X_q,0.797,pu,
,,X_dp,0.5,pu,
,,X_dpp,0.26,pu,
,,T_dp,1.681092,s,
,,T_dpp,0.01924,s,
,,X_qp,0.797,pu,
,,X_qpp,0.283,pu,
,,T_qp,0,s,
,,T_qpp,0.02272522,s,
,Mechanical_data,H,2.65,kgm^2/rad,
Guacolda_U1,Electrical_data,V_a,13.8,1kVRMSLL,
,,V_b,13.8,1kVRMSLL,
,,V_c,13.8,1kVRMSLL,
,,Rated_voltage_(Y-connection),13.8,kVRMSLL,
,,Rated_power,176.5,MVA,
,,R_a,.002,pu,
,,X_l,0.1,pu,
,,X_0,0.0977,pu,
,,X_d,2.24,pu,
,,X_q,2.24,pu,
,,X_dp,0.236,pu,
,,X_dpp,0.176,pu,
,,T_dp,0.8955357,s,
,,T_dpp,0.01640678,s,
,,X_qp,0.59,pu,
,,X_qpp,0.176,pu,
,,T_qp,0.4477678,s,
,,T_qpp,0.00656271,s,
,Mechanical_data,H,4.32,kgm^2/rad,
Guacolda_U2,Electrical_data,V_a,13.8,1kVRMSLL,
,,V_b,13.8,1kVRMSLL,
,,V_c,13.8,1kVRMSLL,
,,Rated_voltage_(Y-connection),13.8,kVRMSLL,
,,Rated_power,176.5,MVA,
,,R_a,.002,pu,
,,X_l,0.1,pu,
,,X_0,0.0977,pu,
,,X_d,2.24,pu,
,,X_q,2.24,pu,
,,X_dp,0.236,pu,
,,X_dpp,0.176,pu,
,,T_dp,0.8955357,s,
,,T_dpp,0.01640678,s,
,,X_qp,0.59,pu,
,,X_qpp,0.176,pu,
,,T_qp,0.4477678,s,
,,T_qpp,0.00656271,s,
,Mechanical_data,H,4.32,kgm^2/rad,
Guacolda_U3,Electrical_data,V_a,13.3,1kVRMSLL,
,,V_b,13.3,1kVRMSLL,
,,V_c,13.3,1kVRMSLL,
,,Rated_voltage_(Y-connection),13.3,kVRMSLL,
,,Rated_power,178.82,MVA,
,,R_a,.002,pu,
,,X_l,0.09,pu,
,,X_0,0.067,pu,
,,X_d,1.603,pu,
,,X_q,1.567,pu,
,,X_dp,0.183,pu,
,,X_dpp,0.151,pu,
,,T_dp,0.9475359,s,
,,T_dpp,0.03548088,s,
,,X_qp,0.309,pu,
,,X_qpp,0.131,pu,
,,T_qp,0.1814167,s,
,,T_qpp,0.0351877,s,
,Mechanical_data,H,4.95,kgm^2/rad,
Guacolda_U4,Electrical_data,V_a,14.5,1kVRMSLL,
,,V_b,14.5,1kVRMSLL,
,,V_c,14.5,1kVRMSLL,
,,Rated_voltage_(Y-connection),14.5,kVRMSLL,
,,Rated_power,178.82,MVA,
,,R_a,.002,pu,
,,X_l,0.13,pu,
,,X_0,0.075,pu,
,,X_d,2.17,pu,
,,X_q,2.1,pu,
,,X_dp,0.184,pu,
,,X_dpp,0.146,pu,
,,T_dp,0.9411982,s,
,,T_dpp,0.03729348,s,
,,X_qp,0.352,pu,
,,X_qpp,0.143,pu,
,,T_qp,0.2078476,s,
,,T_qpp,0.0349375,s,
,Mechanical_data,H,4.95,kgm^2/rad,
Guacolda_U5,Electrical_data,V_a,14.5,1kVRMSLL,
,,V_b,14.5,1kVRMSLL,
,,V_c,14.5,1kVRMSLL,
,,Rated_voltage_(Y-connection),14.5,kVRMSLL,
,,Rated_power,181.177,MVA,
,,R_a,.002,pu,
,,X_l,0.13,pu,
,,X_0,0.075,pu,
,,X_d,2.17,pu,
,,X_q,2.1,pu,
,,X_dp,0.184,pu,
,,X_dpp,0.146,pu,
,,T_dp,0.9411982,s,
,,T_dpp,0.03729348,s,
,,X_qp,0.352,pu,
,,X_qpp,0.143,pu,
,,T_qp,0.2078476,s,
,,T_qpp,0.0349375,s,
,Mechanical_data,H,4.95,kgm^2/rad,
Alfalfal_U1,Electrical_data,V_a,12,1kVRMSLL,
,,V_b,12,1kVRMSLL,
,,V_c,12,1kVRMSLL,
,,Rated_voltage_(Y-connection),12,kVRMSLL,
,,Rated_power,95,MVA,
,,R_a,.002,pu,
,,X_l,0.1,pu,
,,X_0,0.11,pu,
,,X_d,1.1,pu,
,,X_q,0.8,pu,
,,X_dp,0.304,pu,
,,X_dpp,0.216,pu,
,,T_dp,2.736,s,
,,T_dpp,0.0461842,s,
,,X_qp,0.8,pu,
,,X_qpp,0.25,pu,
,,T_qp,0,s,
,,T_qpp,0.0103125,s,
,Mechanical_data,H,2.65,kgm^2/rad,
Alfalfal_U2,Electrical_data,V_a,12,1kVRMSLL,
,,V_b,12,1kVRMSLL,
,,V_c,12,1kVRMSLL,
,,Rated_voltage_(Y-connection),12,kVRMSLL,
,,Rated_power,95,MVA,
,,R_a,.002,pu,
,,X_l,0.1,pu,
,,X_0,0.11,pu,
,,X_d,1.1,pu,
,,X_q,0.8,pu,
,,X_dp,0.304,pu,
,,X_dpp,0.216,pu,
,,T_dp,2.736,s,
,,T_dpp,0.0461842,s,
,,X_qp,0.8,pu,
,,X_qpp,0.25,pu,
,,T_qp,0,s,
,,T_qpp,0.0103125,s,
,Mechanical_data,H,2.65,kgm^2/rad,
Alfalfal_II_U1,Electrical_data,V_a,15,1kVRMSLL,
,,V_b,15,1kVRMSLL,
,,V_c,15,1kVRMSLL,
,,Rated_voltage_(Y-connection),15,kVRMSLL,
,,Rated_power,162.1,MVA,
,,R_a,0,pu,
,,X_l,0.102,pu,
,,X_0,0.1,pu,
,,X_d,1.007,pu,
,,X_q,0.733,pu,
,,X_dp,0.282,pu,
,,X_dpp,0.203,pu,
,,T_dp,2.668778,s,
,,T_dpp,0.1036596,s,
,,X_qp,0.733,pu,
,,X_qpp,0.205,pu,
,,T_qp,0,s,
,,T_qpp,0.06712142,s,
,Mechanical_data,H,4.05,kgm^2/rad,
Alfalfal_II_U2,Electrical_data,V_a,15,1kVRMSLL,
,,V_b,15,1kVRMSLL,
,,V_c,15,1kVRMSLL,
,,Rated_voltage_(Y-connection),15,kVRMSLL,
,,Rated_power,162.1,MVA,
,,R_a,0,pu,
,,X_l,0.102,pu,
,,X_0,0.1,pu,
,,X_d,1.007,pu,
,,X_q,0.733,pu,
,,X_dp,0.282,pu,
,,X_dpp,0.203,pu,
,,T_dp,2.668778,s,
,,T_dpp,0.1036596,s,
,,X_qp,0.733,pu,
,,X_qpp,0.205,pu,
,,T_qp,0,s,
,,T_qpp,0.06712142,s,
,Mechanical_data,H,4.05,kgm^2/rad,
CCSS_ILLAPA,Electrical_data,V_a,18,1kVRMSLL,
,,V_b,18,1kVRMSLL,
,,V_c,18,1kVRMSLL,
,,Rated_voltage_(Y-connection),18,kVRMSLL,
,,Rated_power,250,MVA,
,,R_a,.01,pu,
,,X_l,0.152,pu,
,,X_0,0.101,pu,
,,X_d,2.28,pu,
,,X_q,2.02,pu,
,,X_dp,0.193,pu,
,,X_dpp,0.155,pu,
,,T_dp,0.9607676,s,
,,T_dpp,0.03453368,s,
,,X_qp,0.839,pu,
,,X_qpp,0.162,pu,
,,T_qp,1.142203,s,
,,T_qpp,0.05792611,s,
,Mechanical_data,H,5,kgm^2/rad,
Tocopilla_U14,Electrical_data,V_a,13.8,1kVRMSLL,
,,V_b,13.8,1kVRMSLL,
,,V_c,13.8,1kVRMSLL,
,,Rated_voltage_(Y-connection),13.8,kVRMSLL,
,,Rated_power,147.1,MVA,
,,R_a,.002,pu,
,,X_l,0.143,pu,
,,X_0,0.1,pu,
,,X_d,2.288,pu,
,,X_q,2.285,pu,
,,X_dp,0.272,pu,
,,X_dpp,0.174,pu,
,,T_dp,0.9451049,s,
,,T_dpp,0.01535294,s,
,,X_qp,0.45,pu,
,,X_qpp,0.207,pu,
,,T_qp,0.1693654,s,
,,T_qpp,0.02208,s,
,Mechanical_data,H,3.8,kgm^2/rad,
Tocopilla_U15,Electrical_data,V_a,13.8,1kVRMSLL,
,,V_b,13.8,1kVRMSLL,
,,V_c,13.8,1kVRMSLL,
,,Rated_voltage_(Y-connection),13.8,kVRMSLL,
,,Rated_power,147.1,MVA,
,,R_a,.002,pu,
,,X_l,0.143,pu,
,,X_0,0.1,pu,
,,X_d,2.288,pu,
,,X_q,2.285,pu,
,,X_dp,0.272,pu,
,,X_dpp,0.174,pu,
,,T_dp,0.9451049,s,
,,T_dpp,0.01535294,s,
,,X_qp,0.45,pu,
,,X_qpp,0.207,pu,
,,T_qp,0.1693654,s,
,,T_qpp,0.02208,s,
,Mechanical_data,H,3.8,kgm^2/rad,
Tocopilla_U16,Electrical_data,V_a,21,1kVRMSLL,
,,V_b,21,1kVRMSLL,
,,V_c,21,1kVRMSLL,
,,Rated_voltage_(Y-connection),21,kVRMSLL,
,,Rated_power,500,MVA,
,,R_a,.0027,pu,
,,X_l,0.24,pu,
,,X_0,0.11,pu,
,,X_d,2.28,pu,
,,X_q,2.04,pu,
,,X_dp,0.27,pu,
,,X_dpp,0.25,pu,
,,T_dp,0.6797369,s,
,,T_dpp,0.0287037,s,
,,X_qp,0.57,pu,
,,X_qpp,0.27,pu,
,,T_qp,0.4526471,s,
,,T_qpp,0.0061579,s,
,Mechanical_data,H,6.13,kgm^2/rad,
Tocopilla_U12,Electrical_data,V_a,13.8,1kVRMSLL,
,,V_b,13.8,1kVRMSLL,
,,V_c,13.8,1kVRMSLL,
,,Rated_voltage_(Y-connection),13.8,kVRMSLL,
,,Rated_power,92,MVA,
,,R_a,.002,pu,
,,X_l,0.23,pu,
,,X_0,0.106,pu,
,,X_d,1.7,pu,
,,X_q,1.7,pu,
,,X_dp,0.256,pu,
,,X_dpp,0.25,pu,
,,T_dp,0.9511292,s,
,,T_dpp,0.05821397,s,
,,X_qp,0.383,pu,
,,X_qpp,0.25,pu,
,,T_qp,0.07885294,s,
,,T_qpp,0.01958225,s,
,Mechanical_data,H,4.17,kgm^2/rad,
Tocopilla_U13,Electrical_data,V_a,13.8,1kVRMSLL,
,,V_b,13.8,1kVRMSLL,
,,V_c,13.8,1kVRMSLL,
,,Rated_voltage_(Y-connection),13.8,kVRMSLL,
,,Rated_power,92,MVA,
,,R_a,.002,pu,
,,X_l,0.23,pu,
,,X_0,0.106,pu,
,,X_d,1.7,pu,
,,X_q,1.7,pu,
,,X_dp,0.256,pu,
,,X_dpp,0.25,pu,
,,T_dp,0.9511292,s,
,,T_dpp,0.05821397,s,
,,X_qp,0.383,pu,
,,X_qpp,0.25,pu,
,,T_qp,0.07885294,s,
,,T_qpp,0.01958225,s,
,Mechanical_data,H,4.17,kgm^2/rad,
CCH_U1,Electrical_data,V_a,18,1kVRMSLL,
,,V_b,18,1kVRMSLL,
,,V_c,18,1kVRMSLL,
,,Rated_voltage_(Y-connection),18,kVRMSLL,
,,Rated_power,330,MVA,
,,R_a,.01,pu,
,,X_l,0.152,pu,
,,X_0,0.101,pu,
,,X_d,2.28,pu,
,,X_q,2.02,pu,
,,X_dp,0.193,pu,
,,X_dpp,0.155,pu,
,,T_dp,0.9607676,s,
,,T_dpp,0.03453368,s,
,,X_qp,0.839,pu,
,,X_qpp,0.162,pu,
,,T_qp,1.142203,s,
,,T_qpp,0.05792611,s,
,Mechanical_data,H,3.86,kgm^2/rad,
CCH_U2,Electrical_data,V_a,18,1kVRMSLL,
,,V_b,18,1kVRMSLL,
,,V_c,18,1kVRMSLL,
,,Rated_voltage_(Y-connection),18,kVRMSLL,
,,Rated_power,330,MVA,
,,R_a,.01,pu,
,,X_l,0.152,pu,
,,X_0,0.101,pu,
,,X_d,2.28,pu,
,,X_q,2.02,pu,
,,X_dp,0.193,pu,
,,X_dpp,0.155,pu,
,,T_dp,0.9607676,s,
,,T_dpp,0.03453368,s,
,,X_qp,0.839,pu,
,,X_qpp,0.162,pu,
,,T_qp,1.142203,s,
,,T_qpp,0.05792611,s,
,Mechanical_data,H,3.86,kgm^2/rad,
Kelar_TG1,Electrical_data,V_a,15,1kVRMSLL,
,,V_b,15,1kVRMSLL,
,,V_c,15,1kVRMSLL,
,,Rated_voltage_(Y-connection),15,kVRMSLL,
,,Rated_power,225,MVA,
,,R_a,.0008,pu,
,,X_l,0.17,pu,
,,X_0,0.081,pu,
,,X_d,2.77,pu,
,,X_q,2.65,pu,
,,X_dp,0.25,pu,
,,X_dpp,0.19,pu,
,,T_dp,1.353791,s,
,,T_dpp,0.01672,s,
,,X_qp,0.41,pu,
,,X_qpp,0.2,pu,
,,T_qp,0.1485283,s,
,,T_qpp,0.01609756,s,
,Mechanical_data,H,6.59,kgm^2/rad,
Kelar_TG2,Electrical_data,V_a,15,1kVRMSLL,
,,V_b,15,1kVRMSLL,
,,V_c,15,1kVRMSLL,
,,Rated_voltage_(Y-connection),15,kVRMSLL,
,,Rated_power,225,MVA,
,,R_a,.0008,pu,
,,X_l,0.17,pu,
,,X_0,0.081,pu,
,,X_d,2.77,pu,
,,X_q,2.65,pu,
,,X_dp,0.25,pu,
,,X_dpp,0.19,pu,
,,T_dp,1.353791,s,
,,T_dpp,0.01672,s,
,,X_qp,0.41,pu,
,,X_qpp,0.2,pu,
,,T_qp,0.1485283,s,
,,T_qpp,0.01609756,s,
,Mechanical_data,H,6.59,kgm^2/rad,
Kelar_TV,Electrical_data,V_a,15,1kVRMSLL,
,,V_b,15,1kVRMSLL,
,,V_c,15,1kVRMSLL,
,,Rated_voltage_(Y-connection),15,kVRMSLL,
,,Rated_power,212.353,MVA,
,,R_a,.0008,pu,
,,X_l,0.24,pu,
,,X_0,0.122,pu,
,,X_d,3.07,pu,
,,X_q,2.72,pu,
,,X_dp,0.34,pu,
,,X_dpp,0.249,pu,
,,T_dp,1.317915,s,
,,T_dpp,0.05712353,s,
,,X_qp,0.461,pu,
,,X_qpp,0.254,pu,
,,T_qp,0.477779,s,
,,T_qpp,0.00991757,s,
,Mechanical_data,H,6.52,kgm^2/rad,
TG1A,Electrical_data,V_a,15,1kVRMSLL,
,,V_b,15,1kVRMSLL,
,,V_c,15,1kVRMSLL,
,,Rated_voltage_(Y-connection),15,kVRMSLL,
,,Rated_power,165,MVA,
,,R_a,.002,pu,
,,X_l,0.19,pu,
,,X_0,0.099,pu,
,,X_d,2,pu,
,,X_q,2,pu,
,,X_dp,0.267,pu,
,,X_dpp,0.195,pu,
,,T_dp,0.96,s,
,,T_dpp,0.0366,s,
,,X_qp,0.267,pu,
,,X_qpp,0.195,pu,
,,T_qp,0.079,s,
,,T_qpp,0.0513,s,
,Mechanical_data,H,6.0516,kgm^2/rad,
TG1B,Electrical_data,V_a,15,1kVRMSLL,
,,V_b,15,1kVRMSLL,
,,V_c,15,1kVRMSLL,
,,Rated_voltage_(Y-connection),15,kVRMSLL,
,,Rated_power,165,MVA,
,,R_a,.002,pu,
,,X_l,0.19,pu,
,,X_0,0.099,pu,
,,X_d,2,pu,
,,X_q,2,pu,
,,X_dp,0.267,pu,
,,X_dpp,0.195,pu,
,,T_dp,0.96,s,
,,T_dpp,0.0366,s,
,,X_qp,0.267,pu,
,,X_qpp,0.195,pu,
,,T_qp,0.079,s,
,,T_qpp,0.0513,s,
,Mechanical_data,H,6.0516,kgm^2/rad,
TV1C,Electrical_data,V_a,15,1kVRMSLL,
,,V_b,15,1kVRMSLL,
,,V_c,15,1kVRMSLL,
,,Rated_voltage_(Y-connection),15,kVRMSLL,
,,Rated_power,165,MVA,
,,R_a,.002,pu,
,,X_l,0.19,pu,
,,X_0,0.099,pu,
,,X_d,2,pu,
,,X_q,2,pu,
,,X_dp,0.267,pu,
,,X_dpp,0.195,pu,
,,T_dp,0.96,s,
,,T_dpp,0.03663509,s,
,,X_qp,0.267,pu,
,,X_qpp,0.195,pu,
,,T_qp,0.07988989,s,
,,T_qpp,0.05138989,s,
,Mechanical_data,H,6,kgm^2/rad,
TG2A,Electrical_data,V_a,15,1kVRMSLL,
,,V_b,15,1kVRMSLL,
,,V_c,15,1kVRMSLL,
,,Rated_voltage_(Y-connection),15,kVRMSLL,
,,Rated_power,165,MVA,
,,R_a,.002,pu,
,,X_l,0.19,pu,
,,X_0,0.099,pu,
,,X_d,2,pu,
,,X_q,2,pu,
,,X_dp,0.267,pu,
,,X_dpp,0.195,pu,
,,T_dp,0.96,s,
,,T_dpp,0.0366,s,
,,X_qp,0.267,pu,
,,X_qpp,0.195,pu,
,,T_qp,0.079,s,
,,T_qpp,0.0513,s,
,Mechanical_data,H,6.0516,kgm^2/rad,
TG2B,Electrical_data,V_a,15,1kVRMSLL,
,,V_b,15,1kVRMSLL,
,,V_c,15,1kVRMSLL,
,,Rated_voltage_(Y-connection),15,kVRMSLL,
,,Rated_power,165,MVA,
,,R_a,.002,pu,
,,X_l,0.19,pu,
,,X_0,0.099,pu,
,,X_d,2,pu,
,,X_q,2,pu,
,,X_dp,0.267,pu,
,,X_dpp,0.195,pu,
,,T_dp,0.96,s,
,,T_dpp,0.0366,s,
,,X_qp,0.267,pu,
,,X_qpp,0.195,pu,
,,T_qp,0.079,s,
,,T_qpp,0.0513,s,
,Mechanical_data,H,6.0516,kgm^2/rad,
TV2C,Electrical_data,V_a,15,1kVRMSLL,
,,V_b,15,1kVRMSLL,
,,V_c,15,1kVRMSLL,
,,Rated_voltage_(Y-connection),15,kVRMSLL,
,,Rated_power,165,MVA,
,,R_a,.002,pu,
,,X_l,0.19,pu,
,,X_0,0.099,pu,
,,X_d,2,pu,
,,X_q,2,pu,
,,X_dp,0.267,pu,
,,X_dpp,0.195,pu,
,,T_dp,0.96,s,
,,T_dpp,0.03663509,s,
,,X_qp,0.267,pu,
,,X_qpp,0.195,pu,
,,T_qp,0.07988989,s,
,,T_qpp,0.05138989,s,
,Mechanical_data,H,6,kgm^2/rad,
IEM,Electrical_data,V_a,20,1kVRMSLL,
,,V_b,20,1kVRMSLL,
,,V_c,20,1kVRMSLL,
,,Rated_voltage_(Y-connection),20,kVRMSLL,
,,Rated_power,442,MVA,
,,R_a,.0008,pu,
,,X_l,0.222961,pu,
,,X_0,0.14236,pu,
,,X_d,1.8717,pu,
,,X_q,1.8389,pu,
,,X_dp,0.35421,pu,
,,X_dpp,0.27956,pu,
,,T_dp,1.452267,s,
,,T_dpp,0.035753,s,
,,X_qp,0.53181,pu,
,,X_qpp,0.278,pu,
,,T_qp,0.2466009,s,
,,T_qpp,0.03575563,s,
,Mechanical_data,H,5.46,kgm^2/rad,
CTM3_TG,Electrical_data,V_a,15,1kVRMSLL,
,,V_b,15,1kVRMSLL,
,,V_c,15,1kVRMSLL,
,,Rated_voltage_(Y-connection),15,kVRMSLL,
,,Rated_power,185,MVA,
,,R_a,.0008,pu,
,,X_l,0.145,pu,
,,X_0,0.073,pu,
,,X_d,2.062,pu,
,,X_q,1.8,pu,
,,X_dp,0.173,pu,
,,X_dpp,0.146,pu,
,,T_dp,0.864161,s,
,,T_dpp,0.02700578,s,
,,X_qp,0.32,pu,
,,X_qpp,0.16,pu,
,,T_qp,0.2204445,s,
,,T_qpp,0.022,s,
,Mechanical_data,H,4.8,kgm^2/rad,
CTM3_TV,Electrical_data,V_a,11.5,1kVRMSLL,
,,V_b,11.5,1kVRMSLL,
,,V_c,11.5,1kVRMSLL,
,,Rated_voltage_(Y-connection),11.5,kVRMSLL,
,,Rated_power,111,MVA,
,,R_a,.0008,pu,
,,X_l,0.147,pu,
,,X_0,0.083,pu,
,,X_d,2.395,pu,
,,X_q,2.17,pu,
,,X_dp,0.191,pu,
,,X_dpp,0.165,pu,
,,T_dp,0.7117641,s,
,,T_dpp,0.03973822,s,
,,X_qp,0.347,pu,
,,X_qpp,0.174,pu,
,,T_qp,0.2470576,s,
,,T_qpp,0.01704899,s,
,Mechanical_data,H,7.579999,kgm^2/rad,
CTH,Electrical_data,V_a,15.75,1kVRMSLL,
,,V_b,15.75,1kVRMSLL,
,,V_c,15.75,1kVRMSLL,
,,Rated_voltage_(Y-connection),15.75,kVRMSLL,
,,Rated_power,206.3,MVA,
,,R_a,.0008,pu,
,,X_l,0.18,pu,
,,X_0,0.101,pu,
,,X_d,2.48,pu,
,,X_q,2.4,pu,
,,X_dp,0.228,pu,
,,X_dpp,0.191,pu,
,,T_dp,1.249403,s,
,,T_dpp,0.02932018,s,
,,X_qp,0.501,pu,
,,X_qpp,0.21,pu,
,,T_qp,0.333165,s,
,,T_qpp,0.01131737,s,
,Mechanical_data,H,5.5,kgm^2/rad,
CTM2,Electrical_data,V_a,15,1kVRMSLL,
,,V_b,15,1kVRMSLL,
,,V_c,15,1kVRMSLL,
,,Rated_voltage_(Y-connection),15,kVRMSLL,
,,Rated_power,197.3,MVA,
,,R_a,.0008,pu,
,,X_l,0.125,pu,
,,X_0,0.063,pu,
,,X_d,2.226,pu,
,,X_q,2.223,pu,
,,X_dp,0.172,pu,
,,X_dpp,0.126,pu,
,,T_dp,0.8340377,s,
,,T_dpp,0.04395349,s,
,,X_qp,0.448,pu,
,,X_qpp,0.16,pu,
,,T_qp,0.1053999,s,
,,T_qpp,0.00785714,s,
,Mechanical_data,H,4,kgm^2/rad,
CTM1,Electrical_data,V_a,13.8,1kVRMSLL,
,,V_b,13.8,1kVRMSLL,
,,V_c,13.8,1kVRMSLL,
,,Rated_voltage_(Y-connection),13.8,kVRMSLL,
,,Rated_power,176.5,MVA,
,,R_a,.0009,pu,
,,X_l,0.08,pu,
,,X_0,0.101,pu,
,,X_d,2.04,pu,
,,X_q,1.94,pu,
,,X_dp,0.223,pu,
,,X_dpp,0.17,pu,
,,T_dp,0.7489083,s,
,,T_dpp,0.02286995,s,
,,X_qp,0.3285,pu,
,,X_qpp,0.1658,pu,
,,T_qp,0.3640593,s,
,,T_qpp,0.01514155,s,
,Mechanical_data,H,4.1,kgm^2/rad,
CTA,Electrical_data,V_a,15.75,1kVRMSLL,
,,V_b,15.75,1kVRMSLL,
,,V_c,15.75,1kVRMSLL,
,,Rated_voltage_(Y-connection),15.75,kVRMSLL,
,,Rated_power,206.3,MVA,
,,R_a,.0008,pu,
,,X_l,0.18,pu,
,,X_0,0.101,pu,
,,X_d,2.48,pu,
,,X_q,2.4,pu,
,,X_dp,0.228,pu,
,,X_dpp,0.191,pu,
,,T_dp,1.249403,s,
,,T_dpp,0.02932018,s,
,,X_qp,0.501,pu,
,,X_qpp,0.21,pu,
,,T_qp,0.333165,s,
,,T_qpp,0.01131737,s,
,Mechanical_data,H,5.5,kgm^2/rad,
Angamos_U1,Electrical_data,V_a,18,1kVRMSLL,
,,V_b,18,1kVRMSLL,
,,V_c,18,1kVRMSLL,
,,Rated_voltage_(Y-connection),18,kVRMSLL,
,,Rated_power,330,MVA,
,,R_a,.0008,pu,
,,X_l,0.15,pu,
,,X_0,0.101,pu,
,,X_d,2.28,pu,
,,X_q,2.1,pu,
,,X_dp,0.193,pu,
,,X_dpp,0.155,pu,
,,T_dp,0.8972808,s,
,,T_dpp,0.03212435,s,
,,X_qp,0.839,pu,
,,X_qpp,0.162,pu,
,,T_qp,1.098691,s,
,,T_qpp,0.05792611,s,
,Mechanical_data,H,4.8,kgm^2/rad,
Angamos_U2,Electrical_data,V_a,18,1kVRMSLL,
,,V_b,18,1kVRMSLL,
,,V_c,18,1kVRMSLL,
,,Rated_voltage_(Y-connection),18,kVRMSLL,
,,Rated_power,330,MVA,
,,R_a,.0008,pu,
,,X_l,0.15,pu,
,,X_0,0.101,pu,
,,X_d,2.28,pu,
,,X_q,2.1,pu,
,,X_dp,0.193,pu,
,,X_dpp,0.155,pu,
,,T_dp,0.8972808,s,
,,T_dpp,0.03212435,s,
,,X_qp,0.839,pu,
,,X_qpp,0.162,pu,
,,T_qp,1.098691,s,
,,T_qpp,0.05792611,s,
,Mechanical_data,H,4.8,kgm^2/rad,
CDOM_U1,Electrical_data,V_a,13.2,1kVRMSLL,Ex
,,V_b,13.2,1kVRMSLL,
,,V_c,13.2,1kVRMSLL,
,,Rated_voltage_(Y-connection),13.2,kVRMSLL,
,,Rated_power,133,MVA,
,,R_a,.01,pu,
,,X_l,0.07,pu,
,,X_0,0.101,pu,
,,X_d,2.27,pu,
,,X_q,2.09,pu,
,,X_dp,0.212,pu,
,,X_dpp,0.165,pu,
,,T_dp,0.7938325,s,
,,T_dpp,0.01712264,s,
,,X_qp,0.347,pu,
,,X_qpp,0.174,pu,
,,T_qp,0.1710096,s,
,,T_qpp,0.01704899,s,
,Mechanical_data,H,4,kgm^2/rad,
Cochrane_U1,Electrical_data,V_a,17.562133730036016,1kVRMSLL,
,,V_b,17.562133730036016,1kVRMSLL,
,,V_c,17.562133730036016,1kVRMSLL,
,,Rated_voltage_(Y-connection),18,kVRMSLL,
,,Rated_power,330,MVA,
,,R_a,0.01,pu,
,,X_l,0.152,pu,
,,X_0,0.101,pu,
,,X_d,2.28,pu,
,,X_q,2.02,pu,
,,X_dp,0.193,pu,
,,X_dpp,0.155,pu,
,,T_dp,0.8337939,s,
,,T_dpp,0.02971503,s,
,,X_qp,0.839,pu,
,,X_qpp,0.162,pu,
,,T_qp,1.142203,s,
,,T_qpp,0.05792611,s,
,Mechanical_data,H,3.86,kgm^2/rad,
C_Pabellon_U1,Electrical_data,V_a,9.5,1kVRMSLL,
,,V_b,9.5,1kVRMSLL,
,,V_c,9.5,1kVRMSLL,
,,Rated_voltage_(Y-connection),9.5,kVRMSLL,
,,Rated_power,32.471,MVA,
,,R_a,.002,pu,
,,X_l,0.118,pu,
,,X_0,0.14,pu,
,,X_d,2.34,pu,
,,X_q,1.19,pu,
,,X_dp,0.31,pu,
,,X_dpp,0.19,pu,
,,T_dp,1.126068,s,
,,T_dpp,0.03064516,s,
,,X_qp,1.19,pu,
,,X_qpp,0.28,pu,
,,T_qp,0,s,
,,T_qpp,0.03058823,s,
,Mechanical_data,H,1.03,kgm^2/rad,
C_Pabellon_U2,Electrical_data,V_a,9.5,1kVRMSLL,
,,V_b,9.5,1kVRMSLL,
,,V_c,9.5,1kVRMSLL,
,,Rated_voltage_(Y-connection),9.5,kVRMSLL,
,,Rated_power,32.471,MVA,
,,R_a,.002,pu,
,,X_l,0.118,pu,
,,X_0,0.14,pu,
,,X_d,2.34,pu,
,,X_q,1.19,pu,
,,X_dp,0.31,pu,
,,X_dpp,0.19,pu,
,,T_dp,1.126068,s,
,,T_dpp,0.03064516,s,
,,X_qp,1.19,pu,
,,X_qpp,0.28,pu,
,,T_qp,0,s,
,,T_qpp,0.03058823,s,
,Mechanical_data,H,1.03,kgm^2/rad,
C_Pabellon_U3,Electrical_data,V_a,9.5,1kVRMSLL,
,,V_b,9.5,1kVRMSLL,
,,V_c,9.5,1kVRMSLL,
,,Rated_voltage_(Y-connection),9.5,kVRMSLL,
,,Rated_power,40,MVA,
,,R_a,.002,pu,
,,X_l,0.118,pu,
,,X_0,0.14,pu,
,,X_d,2.34,pu,
,,X_q,1.19,pu,
,,X_dp,0.31,pu,
,,X_dpp,0.19,pu,
,,T_dp,1.126068,s,
,,T_dpp,0.03064516,s,
,,X_qp,1.19,pu,
,,X_qpp,0.28,pu,
,,T_qp,0,s,
,,T_qpp,0.03058823,s,
,Mechanical_data,H,1.03,kgm^2/rad,
NTO_U1,Electrical_data,V_a,13.8,1kVRMSLL,Ex
,,V_b,13.8,1kVRMSLL,
,,V_c,13.8,1kVRMSLL,
,,Rated_voltage_(Y-connection),13.8,kVRMSLL,
,,Rated_power,156.5,MVA,
,,R_a,.01,pu,
,,X_l,0.06,pu,
,,X_0,0.084,pu,
,,X_d,1.74,pu,
,,X_q,1.72,pu,
,,X_dp,0.251,pu,
,,X_dpp,0.194,pu,
,,T_dp,1.116517,s,
,,T_dpp,0.03246215,s,
,,X_qp,0.443,pu,
,,X_qpp,0.201,pu,
,,T_qp,0.2202122,s,
,,T_qpp,0.03402935,s,
,Mechanical_data,H,4.5,kgm^2/rad,
NTO_U2,Electrical_data,V_a,13.8,1kVRMSLL,
,,V_b,13.8,1kVRMSLL,
,,V_c,13.8,1kVRMSLL,
,,Rated_voltage_(Y-connection),13.8,kVRMSLL,
,,Rated_power,156.5,MVA,
,,R_a,.01,pu,
,,X_l,0.06,pu,
,,X_0,0.084,pu,
,,X_d,1.74,pu,
,,X_q,1.72,pu,
,,X_dp,0.251,pu,
,,X_dpp,0.194,pu,
,,T_dp,1.116517,s,
,,T_dpp,0.03246215,s,
,,X_qp,0.443,pu,
,,X_qpp,0.201,pu,
,,T_qp,0.2202122,s,
,,T_qpp,0.03402935,s,
,Mechanical_data,H,4.5,kgm^2/rad,
CS_U15,Electrical_data,V_a,13.8,1kVRMSLL,
,,V_b,13.8,1kVRMSLL,
,,V_c,13.8,1kVRMSLL,
,,Rated_voltage_(Y-connection),13.8,kVRMSLL,
,,Rated_power,147.1,MVA,
,,R_a,.002,pu,
,,X_l,0.143,pu,
,,X_0,0.1,pu,
,,X_d,2.288,pu,
,,X_q,2.285,pu,
,,X_dp,0.272,pu,
,,X_dpp,0.174,pu,
,,T_dp,0.9451,s,
,,T_dpp,0.0154,s,
,,X_qp,0.45,pu,
,,X_qpp,0.207,pu,
,,T_qp,0.1694,s,
,,T_qpp,0.0221,s,
,Mechanical_data,H,5.04,kgm^2/rad,
Cochrane_U2,Electrical_data,V_a,17.562133730036016,1kVRMSLL,
,,V_b,17.562133730036016,1kVRMSLL,
,,V_c,17.562133730036016,1kVRMSLL,
,,Rated_voltage_(Y-connection),18,kVRMSLL,
,,Rated_power,330,MVA,
,,R_a,0.01,pu,
,,X_l,0.152,pu,
,,X_0,0.101,pu,
,,X_d,2.28,pu,
,,X_q,2.02,pu,
,,X_dp,0.193,pu,
,,X_dpp,0.155,pu,
,,T_dp,0.8337939,s,
,,T_dpp,0.02971503,s,
,,X_qp,0.839,pu,
,,X_qpp,0.162,pu,
,,T_qp,1.142203,s,
,,T_qpp,0.05792611,s,
,Mechanical_data,H,3.86,kgm^2/rad,
Colbun_U1,Electrical_data,V_a,13.8,1kVRMSLL,
,,V_b,13.8,1kVRMSLL,
,,V_c,13.8,1kVRMSLL,
,,Rated_voltage_(Y-connection),13.8,kVRMSLL,
,,Rated_power,220,MVA,
,,R_a,.002,pu,
,,X_l,0.194,pu,
,,X_0,0.1,pu,
,,X_d,1.147,pu,
,,X_q,0.965,pu,
,,X_dp,0.297,pu,
,,X_dpp,0.222,pu,
,,T_dp,2.444359,s,
,,T_dpp,0.02242424,s,
,,X_qp,0.965,pu,
,,X_qpp,0.25,pu,
,,T_qp,0,s,
,,T_qpp,0.03989637,s,
,Mechanical_data,H,3.9,kgm^2/rad,
Colbun_U2,Electrical_data,V_a,13.8,1kVRMSLL,
,,V_b,13.8,1kVRMSLL,
,,V_c,13.8,1kVRMSLL,
,,Rated_voltage_(Y-connection),13.8,kVRMSLL,
,,Rated_power,220,MVA,
,,R_a,.002,pu,
,,X_l,0.194,pu,
,,X_0,0.11,pu,
,,X_d,1.147,pu,
,,X_q,0.965,pu,
,,X_dp,0.297,pu,
,,X_dpp,0.222,pu,
,,T_dp,2.756895,s,
,,T_dpp,0.02391919,s,
,,X_qp,0.965,pu,
,,X_qpp,0.25,pu,
,,T_qp,0,s,
,,T_qpp,0.04518135,s,
,Mechanical_data,H,3.9,kgm^2/rad,
LosGuindos_U1,Electrical_data,V_a,15,1kVRMSLL,
,,V_b,15,1kVRMSLL,
,,V_c,15,1kVRMSLL,
,,Rated_voltage_(Y-connection),15,kVRMSLL,
,,Rated_power,165,MVA,
,,R_a,.002,pu,
,,X_l,0.17,pu,
,,X_0,0.1,pu,
,,X_d,2.15,pu,
,,X_q,1.86,pu,
,,X_dp,0.267,pu,
,,X_dpp,0.195,pu,
,,T_dp,0.9376046,s,
,,T_dpp,0.02921348,s,
,,X_qp,0.319,pu,
,,X_qpp,0.22,pu,
,,T_qp,0.1372043,s,
,,T_qpp,0.03724138,s,
,Mechanical_data,H,5.5,kgm^2/rad,
LosGuindos_U2,Electrical_data,V_a,15,1kVRMSLL,
,,V_b,15,1kVRMSLL,
,,V_c,15,1kVRMSLL,
,,Rated_voltage_(Y-connection),15,kVRMSLL,
,,Rated_power,165,MVA,
,,R_a,0,pu,
,,X_l,0.17,pu,
,,X_0,0.09,pu,
,,X_d,2.15,pu,
,,X_q,1.86,pu,
,,X_dp,0.267,pu,
,,X_dpp,0.195,pu,
,,T_dp,0.9376046,s,
,,T_dpp,0.02921348,s,
,,X_qp,0.319,pu,
,,X_qpp,0.22,pu,
,,T_qp,0.1372043,s,
,,T_qpp,0.03724138,s,
,Mechanical_data,H,6.017,kgm^2/rad,
StaMaria_U1,Electrical_data,V_a,18,1kVRMSLL,
,,V_b,18,1kVRMSLL,
,,V_c,18,1kVRMSLL,
,,Rated_voltage_(Y-connection),18,kVRMSLL,
,,Rated_power,468,MVA,
,,R_a,0.003,pu,
,,X_l,0.00,pu,
,,X_0,0.13,pu,
,,X_d,2.3,pu,
,,X_q,1.95,pu,
,,X_dp,0.265,pu,
,,X_dpp,0.195,pu,
,,T_dp,8.5,s,
,,T_dpp,0.02,s,
,,X_qp,0.485,pu,
,,X_qpp,0.195,pu,
,,T_qp,1.7,s,
,,T_qpp,0.02,s,
,Mechanical_data,H,6.25,kgm^2/rad,
SantaFeEnergia_U1,Electrical_data,V_a,13.2,1kVRMSLL,
,,V_b,13.2,1kVRMSLL,
,,V_c,13.2,1kVRMSLL,
,,Rated_voltage_(Y-connection),13.2,kVRMSLL,
,,Rated_power,122.568,MVA,
,,R_a,.003,pu,
,,X_l,0.1,pu,
,,X_0,0.137,pu,
,,X_d,2.92,pu,
,,X_q,2.6,pu,
,,X_dp,0.324,pu,
,,X_dpp,0.239,pu,
,,T_dp,1.288233,s,
,,T_dpp,0.03319445,s,
,,X_qp,0.39,pu,
,,X_qpp,0.29,pu,
,,T_qp,0.075,s,
,,T_qpp,0.03346154,s,
,Mechanical_data,H,4.27,kgm^2/rad,
SantaFe_U3,Electrical_data,V_a,13.2,1kVRMSLL,Ex
,,V_b,13.2,1kVRMSLL,
,,V_c,13.2,1kVRMSLL,
,,Rated_voltage_(Y-connection),13.2,kVRMSLL,
,,Rated_power,61.25,MVA,
,,R_a,.003,pu,
,,X_l,0.163,pu,
,,X_0,0.086,pu,
,,X_d,2.85,pu,
,,X_q,1.35,pu,
,,X_dp,0.299,pu,
,,X_dpp,0.236,pu,
,,T_dp,1.045661,s,
,,T_dpp,0.04183277,s,
,,X_qp,1.35,pu,
,,X_qpp,0.34,pu,
,,T_qp,0,s,
,,T_qpp,0.04911111,s,
,Mechanical_data,H,2.26,kgm^2/rad,
SantaFe_U2,Electrical_data,V_a,13.2,1kVRMSLL,
,,V_b,13.2,1kVRMSLL,
,,V_c,13.2,1kVRMSLL,
,,Rated_voltage_(Y-connection),13.2,kVRMSLL,
,,Rated_power,61.25,MVA,
,,R_a,.003,pu,
,,X_l,0.163,pu,
,,X_0,0.086,pu,
,,X_d,2.95,pu,
,,X_q,1.4,pu,
,,X_dp,0.299,pu,
,,X_dpp,0.236,pu,
,,T_dp,1.010215,s,
,,T_dpp,0.04183277,s,
,,X_qp,1.4,pu,
,,X_qpp,0.34,pu,
,,T_qp,0,s,
,,T_qpp,0.04735714,s,
,Mechanical_data,H,2.26,kgm^2/rad,
Pacifico_U2,Electrical_data,V_a,13.2,1kVRMSLL,Ex
,,V_b,13.2,1kVRMSLL,
,,V_c,13.2,1kVRMSLL,
,,Rated_voltage_(Y-connection),13.2,kVRMSLL,
,,Rated_power,50,MVA,
,,R_a,.00201,pu,
,,X_l,0.1,pu,
,,X_0,0.08,pu,
,,X_d,2.6,pu,
,,X_q,2.6,pu,
,,X_dp,0.248,pu,
,,X_dpp,0.22,pu,
,,T_dp,0.08107693,s,
,,T_dpp,0.03548387,s,
,,X_qp,2.6,pu,
,,X_qpp,0.31,pu,
,,T_qp,0,s,
,,T_qpp,0.0031,s,
,Mechanical_data,H,1.36,kgm^2/rad,
Pacifico_U3,Electrical_data,V_a,13.2,1kVRMSLL,Ex
,,V_b,13.2,1kVRMSLL,
,,V_c,13.2,1kVRMSLL,
,,Rated_voltage_(Y-connection),13.2,kVRMSLL,
,,Rated_power,17.5,MVA,
,,R_a,.00201,pu,
,,X_l,0.1,pu,
,,X_0,0.08,pu,
,,X_d,1.8,pu,
,,X_q,1.8,pu,
,,X_dp,0.292,pu,
,,X_dpp,0.197,pu,
,,T_dp,0.1297778,s,
,,T_dpp,0.0269863,s,
,,X_qp,1.8,pu,
,,X_qpp,0.23,pu,
,,T_qp,0,s,
,,T_qpp,0.00293889,s,
,Mechanical_data,H,1.12,kgm^2/rad,
Pacifico_U1,Electrical_data,V_a,13.2,1kVRMSLL,
,,V_b,13.2,1kVRMSLL,
,,V_c,13.2,1kVRMSLL,
,,Rated_voltage_(Y-connection),13.2,kVRMSLL,
,,Rated_power,45.4,MVA,
,,R_a,.00201,pu,
,,X_l,0.1,pu,
,,X_0,0.08,pu,
,,X_d,2.58,pu,
,,X_q,2.58,pu,
,,X_dp,0.248,pu,
,,X_dpp,0.189,pu,
,,T_dp,0.09131783,s,
,,T_dpp,0.03810484,s,
,,X_qp,2.58,pu,
,,X_qpp,0.25,pu,
,,T_qp,0,s,
,,T_qpp,0.00261628,s,
,Mechanical_data,H,1.84,kgm^2/rad,
El_Toro_U1,Electrical_data,V_a,13.8,1kVRMSLL,
,,V_b,13.8,1kVRMSLL,
,,V_c,13.8,1kVRMSLL,
,,Rated_voltage_(Y-connection),13.8,kVRMSLL,
,,Rated_power,105.263,MVA,
,,R_a,.002,pu,
,,X_l,0.1,pu,
,,X_0,0.0965,pu,
,,X_d,1.2,pu,
,,X_q,0.728,pu,
,,X_dp,0.351,pu,
,,X_dpp,0.1802,pu,
,,T_dp,2.66175,s,
,,T_dpp,0.02464273,s,
,,X_qp,0.728,pu,
,,X_qpp,0.1998,pu,
,,T_qp,0,s,
,,T_qpp,0.02384975,s,
,Mechanical_data,H,2.875,kgm^2/rad,
El_Toro_U3,Electrical_data,V_a,13.8,1kVRMSLL,
,,V_b,13.8,1kVRMSLL,
,,V_c,13.8,1kVRMSLL,
,,Rated_voltage_(Y-connection),13.8,kVRMSLL,
,,Rated_power,105.263,MVA,
,,R_a,.002,pu,
,,X_l,0.1,pu,
,,X_0,0.0965,pu,
,,X_d,1.2,pu,
,,X_q,0.728,pu,
,,X_dp,0.351,pu,
,,X_dpp,0.1802,pu,
,,T_dp,2.66175,s,
,,T_dpp,0.02464273,s,
,,X_qp,0.728,pu,
,,X_qpp,0.1998,pu,
,,T_qp,0,s,
,,T_qpp,0.02384975,s,
,Mechanical_data,H,2.875,kgm^2/rad,
El_Toro_U2,Electrical_data,V_a,13.8,1kVRMSLL,
,,V_b,13.8,1kVRMSLL,
,,V_c,13.8,1kVRMSLL,
,,Rated_voltage_(Y-connection),13.8,kVRMSLL,
,,Rated_power,105.263,MVA,
,,R_a,.002,pu,
,,X_l,0.1,pu,
,,X_0,0.0965,pu,
,,X_d,1.2,pu,
,,X_q,0.728,pu,
,,X_dp,0.351,pu,
,,X_dpp,0.1802,pu,
,,T_dp,2.66175,s,
,,T_dpp,0.02464273,s,
,,X_qp,0.728,pu,
,,X_qpp,0.1998,pu,
,,T_qp,0,s,
,,T_qpp,0.02384975,s,
,Mechanical_data,H,2.875,kgm^2/rad,
El_Toro_U4,Electrical_data,V_a,13.8,1kVRMSLL,
,,V_b,13.8,1kVRMSLL,
,,V_c,13.8,1kVRMSLL,
,,Rated_voltage_(Y-connection),13.8,kVRMSLL,
,,Rated_power,105.263,MVA,
,,R_a,.002,pu,
,,X_l,0.1,pu,
,,X_0,0.0965,pu,
,,X_d,1.2,pu,
,,X_q,0.728,pu,
,,X_dp,0.351,pu,
,,X_dpp,0.1802,pu,
,,T_dp,2.66175,s,
,,T_dpp,0.02464273,s,
,,X_qp,0.728,pu,
,,X_qpp,0.1998,pu,
,,T_qp,0,s,
,,T_qpp,0.02384975,s,
,Mechanical_data,H,2.875,kgm^2/rad,
StaLidia_U1,Electrical_data,V_a,15,1kVRMSLL,
,,V_b,15,1kVRMSLL,
,,V_c,15,1kVRMSLL,
,,Rated_voltage_(Y-connection),15,kVRMSLL,
,,Rated_power,150,MVA,
,,R_a,.003,pu,
,,X_l,0.001,pu,
,,X_0,0.1,pu,
,,X_d,1.96,pu,
,,X_q,2.1,pu,
,,X_dp,0.2,pu,
,,X_dpp,0.15,pu,
,,T_dp,1.9,s,
,,T_dpp,0.062,s,
,,X_qp,2.1,pu,
,,X_qpp,0.12,pu,
,,T_qp,0,s,
,,T_qpp,0.03,s,
,Mechanical_data,H,5,kgm^2/rad,
LosPinos_U1,Electrical_data,V_a,11.5,1kVRMSLL,
,,V_b,11.5,1kVRMSLL,
,,V_c,11.5,1kVRMSLL,
,,Rated_voltage_(Y-connection),11.5,kVRMSLL,
,,Rated_power,138.75,MVA,
,,R_a,.003,pu,
,,X_l,0.11,pu,
,,X_0,0.01,pu,
,,X_d,2.2,pu,
,,X_q,2.2,pu,
,,X_dp,0.23,pu,
,,X_dpp,0.19,pu,
,,T_dp,1.087273,s,
,,T_dpp,0.03304348,s,
,,X_qp,0.23,pu,
,,X_qpp,0.19,pu,
,,T_qp,0.1568182,s,
,,T_qpp,0.09913043,s,
,Mechanical_data,H,1.8,kgm^2/rad,
Mampil_U1,Electrical_data,V_a,13.8,1kVRMSLL,
,,V_b,13.8,1kVRMSLL,
,,V_c,13.8,1kVRMSLL,
,,Rated_voltage_(Y-connection),13.8,kVRMSLL,
,,Rated_power,29,MVA,
,,R_a,0.0036,pu,
,,X_l,0.14,pu,
,,X_0,0.1,pu,
,,X_d,1.02,pu,
,,X_q,0.68,pu,
,,X_dp,0.36,pu,
,,X_dpp,0.29,pu,
,,T_dp,2.533135,s,
,,T_dpp,0.01933333,s,
,,X_qp,0.68,pu,
,,X_qpp,0.29,pu,
,,T_qp,0,s,
,,T_qpp,0.04181818,s,
,Mechanical_data,H,2.9,kgm^2/rad,
Mampil_U2,Electrical_data,V_a,13.8,1kVRMSLL,
,,V_b,13.8,1kVRMSLL,
,,V_c,13.8,1kVRMSLL,
,,Rated_voltage_(Y-connection),13.8,kVRMSLL,
,,Rated_power,29,MVA,
,,R_a,0.0036,pu,
,,X_l,0.14,pu,
,,X_0,0.1,pu,
,,X_d,1.02,pu,
,,X_q,0.68,pu,
,,X_dp,0.36,pu,
,,X_dpp,0.29,pu,
,,T_dp,2.533135,s,
,,T_dpp,0.01933333,s,
,,X_qp,0.68,pu,
,,X_qpp,0.29,pu,
,,T_qp,0,s,
,,T_qpp,0.04181818,s,
,Mechanical_data,H,2.9,kgm^2/rad,
Petropower_U1,Electrical_data,V_a,11.5,1kVRMSLL,
,,V_b,11.5,1kVRMSLL,
,,V_c,11.5,1kVRMSLL,
,,Rated_voltage_(Y-connection),11.5,kVRMSLL,
,,Rated_power,86.6,MVA,
,,R_a,0.004,pu,
,,X_l,0,pu,
,,X_0,0.098,pu,
,,X_d,2.079,pu,
,,X_q,2.05,pu,
,,X_dp,0.221,pu,
,,X_dpp,0.156,pu,
,,T_dp,0.5968807,s,
,,T_dpp,0.01482353,s,
,,X_qp,0.442,pu,
,,X_qpp,0.12,pu,
,,T_qp,0.09918049,s,
,,T_qpp,0.01730769,s,
,Mechanical_data,H,3.75,kgm^2/rad,
Antilhue_U1,Electrical_data,V_a,11.5,1kVRMSLL,
,,V_b,11.5,1kVRMSLL,
,,V_c,11.5,1kVRMSLL,
,,Rated_voltage_(Y-connection),11,kVRMSLL,
,,Rated_power,63.5,MVA,
,,R_a,0.0034,pu,
,,X_l,0.12,pu,
,,X_0,0.101,pu,
,,X_d,2.52,pu,
,,X_q,2.3,pu,
,,X_dp,0.242,pu,
,,X_dpp,0.194,pu,
,,T_dp,0.7663333,s,
,,T_dpp,0.03126447,s,
,,X_qp,0.293,pu,
,,X_qpp,0.194,pu,
,,T_qp,0.07006522,s,
,,T_qpp,0.01986348,s,
,Mechanical_data,H,1.27,kgm^2/rad,
Antilhue_U2,Electrical_data,V_a,11.5,1kVRMSLL,
,,V_b,11.5,1kVRMSLL,
,,V_c,11.5,1kVRMSLL,
,,Rated_voltage_(Y-connection),11,kVRMSLL,
,,Rated_power,63.5,MVA,
,,R_a,0.0034,pu,
,,X_l,0.12,pu,
,,X_0,0.101,pu,
,,X_d,2.52,pu,
,,X_q,2.3,pu,
,,X_dp,0.242,pu,
,,X_dpp,0.194,pu,
,,T_dp,0.7663333,s,
,,T_dpp,0.03126447,s,
,,X_qp,0.293,pu,
,,X_qpp,0.194,pu,
,,T_qp,0.07006522,s,
,,T_qpp,0.01986348,s,
,Mechanical_data,H,1.27,kgm^2/rad,
Bocamina_II,Electrical_data,V_a,18,1kVRMSLL,
,,V_b,18,1kVRMSLL,
,,V_c,18,1kVRMSLL,
,,Rated_voltage_(Y-connection),18,kVRMSLL,
,,Rated_power,456,MVA,
,,R_a,.0027,pu,
,,X_l,0.195,pu,
,,X_0,0.125,pu,
,,X_d,2.05,pu,
,,X_q,2,pu,
,,X_dp,0.26,pu,
,,X_dpp,0.2,pu,
,,T_dp,1.067902,s,
,,T_dpp,0.03461539,s,
,,X_qp,0.475,pu,
,,X_qpp,0.2,pu,
,,T_qp,0.140125,s,
,,T_qpp,0.03284211,s,
,Mechanical_data,H,3.94,kgm^2/rad,
c_laja,Electrical_data,V_a,11,1kVRMSLL,
,,V_b,11,1kVRMSLL,
,,V_c,11,1kVRMSLL,
,,Rated_voltage_(Y-connection),11,kVRMSLL,
,,Rated_power,40.5,MVA,
,,R_a,.002,pu,
,,X_l,0.15,pu,
,,X_0,0.114,pu,
,,X_d,1.158,pu,
,,X_q,0.523,pu,
,,X_dp,0.271,pu,
,,X_dpp,0.245,pu,
,,T_dp,1.404145,s,
,,T_dpp,0.01808118,s,
,,X_qp,0.523,pu,
,,X_qpp,0.245,pu,
,,T_qp,0,s,
,,T_qpp,0.09087954,s,
,Mechanical_data,H,2.63,kgm^2/rad,
C_Maipo_PA,Electrical_data,V_a,11,1kVRMSLL,
,,V_b,11,1kVRMSLL,
,,V_c,11,1kVRMSLL,
,,Rated_voltage_(Y-connection),11,kVRMSLL,
,,Rated_power,10,MVA,
,,R_a,0,pu,
,,X_l,0.089,pu,
,,X_0,0.09,pu,
,,X_d,1.11,pu,
,,X_q,0.692,pu,
,,X_dp,0.274,pu,
,,X_dpp,0.187,pu,
,,T_dp,2.261117,s,
,,T_dpp,0.06824818,s,
,,X_qp,0.692,pu,
,,X_qpp,0.164,pu,
,,T_qp,0,s,
,,T_qpp,0.05687862,s,
,Mechanical_data,H,2.7,kgm^2/rad,
Central_Rucatayo,Electrical_data,V_a,13.8,1kVRMSLL,
,,V_b,13.8,1kVRMSLL,
,,V_c,13.8,1kVRMSLL,
,,Rated_voltage_(Y-connection),13.8,kVRMSLL,
,,Rated_power,55.26,MVA,
,,R_a,.0118,pu,
,,X_l,0.15,pu,
,,X_0,0.19,pu,
,,X_d,1.07,pu,
,,X_q,0.7,pu,
,,X_dp,0.35,pu,
,,X_dpp,0.265,pu,
,,T_dp,1.831776,s,
,,T_dpp,0.06814285,s,
,,X_qp,0.7,pu,
,,X_qpp,0.3,pu,
,,T_qp,0,s,
,,T_qpp,0.07285715,s,
,Mechanical_data,H,2.85,kgm^2/rad,
C_ANTILLANCA,Electrical_data,V_a,13.8,1kVRMSLL,
,,V_b,13.8,1kVRMSLL,
,,V_c,13.8,1kVRMSLL,
,,Rated_voltage_(Y-connection),13.8,kVRMSLL,
,,Rated_power,65,MVA,
,,R_a,.0118,pu,
,,X_l,0.15,pu,
,,X_0,0.19,pu,
,,X_d,1.07,pu,
,,X_q,0.7,pu,
,,X_dp,0.35,pu,
,,X_dpp,0.265,pu,
,,T_dp,1.831776,s,
,,T_dpp,0.06814285,s,
,,X_qp,0.7,pu,
,,X_qpp,0.3,pu,
,,T_qp,0,s,
,,T_qpp,0.07285715,s,
,Mechanical_data,H,2.85,kgm^2/rad,
Valdivia_U1,Electrical_data,V_a,15,1kVRMSLL,
,,V_b,15,1kVRMSLL,
,,V_c,15,1kVRMSLL,
,,Rated_voltage_(Y-connection),15,kVRMSLL,
,,Rated_power,87.5,MVA,
,,R_a,0.0001,pu,
,,X_l,0.178,pu,
,,X_0,0.1,pu,
,,X_d,2.76,pu,
,,X_q,2.62,pu,
,,X_dp,0.309,pu,
,,X_dpp,0.224,pu,
,,T_dp,1.174424,s,
,,T_dpp,0.03428867,s,
,,X_qp,0.568,pu,
,,X_qpp,0.246,pu,
,,T_qp,0.214626,s,
,,T_qpp,0.02165493,s,
,Mechanical_data,H,3.2,kgm^2/rad,
C_CARILAF,Electrical_data,V_a,13.8,1kVRMSLL,
,,V_b,13.8,1kVRMSLL,
,,V_c,13.8,1kVRMSLL,
,,Rated_voltage_(Y-connection),13.8,kVRMSLL,
,,Rated_power,24,MVA,
,,R_a,0.01,pu,
,,X_l,0.001,pu,
,,X_0,0.07,pu,
,,X_d,1.51,pu,
,,X_q,0.86,pu,
,,X_dp,0.36,pu,
,,X_dpp,0.3,pu,
,,T_dp,1.68,s,
,,T_dpp,0.04236666,s,
,,X_qp,0.6,pu,
,,X_qpp,0.2,pu,
,,T_qp,0,s,
,,T_qpp,0.05140625,s,
,Mechanical_data,H,4.235294,kgm^2/rad,
Pangue_U1,Electrical_data,V_a,13.8,1kVRMSLL,
,,V_b,13.8,1kVRMSLL,
,,V_c,13.8,1kVRMSLL,
,,Rated_voltage_(Y-connection),13.8,kVRMSLL,
,,Rated_power,240,MVA,
,,R_a,.002,pu,
,,X_l,0.108,pu,
,,X_0,0.09,pu,
,,X_d,0.99,pu,
,,X_q,0.68,pu,
,,X_dp,0.3,pu,
,,X_dpp,0.2,pu,
,,T_dp,3.59697,s,
,,T_dpp,0.24,s,
,,X_qp,0.68,pu,
,,X_qpp,0.18,pu,
,,T_qp,0,s,
,,T_qpp,0.02911765,s,
,Mechanical_data,H,3.85,kgm^2/rad,
Pangue_U2,Electrical_data,V_a,13.8,1kVRMSLL,
,,V_b,13.8,1kVRMSLL,
,,V_c,13.8,1kVRMSLL,
,,Rated_voltage_(Y-connection),13.8,kVRMSLL,
,,Rated_power,240,MVA,
,,R_a,.002,pu,
,,X_l,0.108,pu,
,,X_0,0.09,pu,
,,X_d,0.99,pu,
,,X_q,0.68,pu,
,,X_dp,0.3,pu,
,,X_dpp,0.2,pu,
,,T_dp,3.59697,s,
,,T_dpp,0.24,s,
,,X_qp,0.68,pu,
,,X_qpp,0.18,pu,
,,T_qp,0,s,
,,T_qpp,0.02911765,s,
,Mechanical_data,H,3.85,kgm^2/rad,
Antuco_U1,Electrical_data,V_a,13.8,1kVRMSLL,
,,V_b,13.8,1kVRMSLL,
,,V_c,13.8,1kVRMSLL,
,,Rated_voltage_(Y-connection),13.8,kVRMSLL,
,,Rated_power,160,MVA,
,,R_a,.002,pu,
,,X_l,0.108,pu,
,,X_0,0.1,pu,
,,X_d,1.17,pu,
,,X_q,0.8,pu,
,,X_dp,0.27,pu,
,,X_dpp,0.17,pu,
,,T_dp,1.915385,s,
,,T_dpp,0.03777777,s,
,,X_qp,0.8,pu,
,,X_qpp,0.19,pu,
,,T_qp,0,s,
,,T_qpp,0.019,s,
,Mechanical_data,H,4.7,kgm^2/rad,
HE_Antuco_U1,Electrical_data,V_a,13.8,1kVRMSLL,
,,V_b,13.8,1kVRMSLL,
,,V_c,13.8,1kVRMSLL,
,,Rated_voltage_(Y-connection),13.8,kVRMSLL,
,,Rated_power,160,MVA,
,,R_a,.002,pu,
,,X_l,0.108,pu,
,,X_0,0.1,pu,
,,X_d,1.17,pu,
,,X_q,0.8,pu,
,,X_dp,0.27,pu,
,,X_dpp,0.17,pu,
,,T_dp,1.915385,s,
,,T_dpp,0.03777777,s,
,,X_qp,0.8,pu,
,,X_qpp,0.19,pu,
,,T_qp,0,s,
,,T_qpp,0.019,s,
,Mechanical_data,H,4.7,kgm^2/rad,
Ralco_U1,Electrical_data,V_a,13.8,1kVRMSLL,
,,V_b,13.8,1kVRMSLL,
,,V_c,13.8,1kVRMSLL,
,,Rated_voltage_(Y-connection),13.8,kVRMSLL,
,,Rated_power,402,MVA,
,,R_a,.002,pu,
,,X_l,0.15,pu,
,,X_0,0.119,pu,
,,X_d,1.682,pu,
,,X_q,0.982,pu,
,,X_dp,0.317,pu,
,,X_dpp,0.22,pu,
,,T_dp,2.506599,s,
,,T_dpp,0.05760252,s,
,,X_qp,0.982,pu,
,,X_qpp,0.25,pu,
,,T_qp,0,s,
,,T_qpp,0.06619145,s,
,Mechanical_data,H,2.97,kgm^2/rad,
Ralco_U2,Electrical_data,V_a,13.8,1kVRMSLL,
,,V_b,13.8,1kVRMSLL,
,,V_c,13.8,1kVRMSLL,
,,Rated_voltage_(Y-connection),13.8,kVRMSLL,
,,Rated_power,402,MVA,
,,R_a,.002,pu,
,,X_l,0.15,pu,
,,X_0,0.119,pu,
,,X_d,1.682,pu,
,,X_q,0.982,pu,
,,X_dp,0.317,pu,
,,X_dpp,0.22,pu,
,,T_dp,2.506599,s,
,,T_dpp,0.05760252,s,
,,X_qp,0.982,pu,
,,X_qpp,0.25,pu,
,,T_qp,0,s,
,,T_qpp,0.06619145,s,
,Mechanical_data,H,2.97,kgm^2/rad,
c_palmucho,Electrical_data,V_a,13.8,1kVRMSLL,
,,V_b,13.8,1kVRMSLL,
,,V_c,13.8,1kVRMSLL,
,,Rated_voltage_(Y-connection),13.8,kVRMSLL,
,,Rated_power,33,MVA,
,,R_a,.002,pu,
,,X_l,0.15,pu,
,,X_0,0.114,pu,
,,X_d,1.158,pu,
,,X_q,0.523,pu,
,,X_dp,0.271,pu,
,,X_dpp,0.245,pu,
,,T_dp,1.404145,s,
,,T_dpp,0.01808118,s,
,,X_qp,0.523,pu,
,,X_qpp,0.245,pu,
,,T_qp,0,s,
,,T_qpp,0.09087954,s,
,Mechanical_data,H,2.63,kgm^2/rad,
Rucue_U1,Electrical_data,V_a,13.8,1kVRMSLL,
,,V_b,13.8,1kVRMSLL,
,,V_c,13.8,1kVRMSLL,
,,Rated_voltage_(Y-connection),13.8,kVRMSLL,
,,Rated_power,93,MVA,
,,R_a,0.0036,pu,
,,X_l,0.16,pu,
,,X_0,0.099,pu,
,,X_d,1.054,pu,
,,X_q,0.79,pu,
,,X_dp,0.277,pu,
,,X_dpp,0.198,pu,
,,T_dp,2.08407,s,
,,T_dpp,0.02859206,s,
,,X_qp,0.79,pu,
,,X_qpp,0.238,pu,
,,T_qp,0,s,
,,T_qpp,0.01928101,s,
,Mechanical_data,H,3.81,kgm^2/rad,
Rucue_U2,Electrical_data,V_a,13.8,1kVRMSLL,
,,V_b,13.8,1kVRMSLL,
,,V_c,13.8,1kVRMSLL,
,,Rated_voltage_(Y-connection),13.8,kVRMSLL,
,,Rated_power,93,MVA,
,,R_a,0.0036,pu,
,,X_l,0.15,pu,
,,X_0,0.099,pu,
,,X_d,1.06,pu,
,,X_q,0.72,pu,
,,X_dp,0.277,pu,
,,X_dpp,0.198,pu,
,,T_dp,2.095793,s,
,,T_dpp,0.02859206,s,
,,X_qp,0.72,pu,
,,X_qpp,0.238,pu,
,,T_qp,0,s,
,,T_qpp,0.02115556,s,
,Mechanical_data,H,3.81,kgm^2/rad,
Quilleco_U1,Electrical_data,V_a,13.80000000000071,1kVRMSLL,
,,V_b,13.80000000000071,1kVRMSLL,
,,V_c,13.80000000000071,1kVRMSLL,
,,Rated_voltage_(Y-connection),13.8,kVRMSLL,
,,Rated_power,38,MVA,
,,R_a,0.0036,pu,
,,X_l,0.001,pu,
,,X_0,0.125,pu,
,,X_d,1,pu,
,,X_q,0.64,pu,
,,X_dp,0.3,pu,
,,X_dpp,0.205,pu,
,,T_dp,1.68,s,
,,T_dpp,0.04236666,s,
,,X_qp,0.64,pu,
,,X_qpp,0.235,pu,
,,T_qp,0,s,
,,T_qpp,0.05140625,s,
,Mechanical_data,H,2.88,kgm^2/rad,
Quilleco_U2,Electrical_data,V_a,13.8,1kVRMSLL,
,,V_b,13.8,1kVRMSLL,
,,V_c,13.8,1kVRMSLL,
,,Rated_voltage_(Y-connection),13.8,kVRMSLL,
,,Rated_power,38,MVA,
,,R_a,0.0036,pu,
,,X_l,0.001,pu,
,,X_0,0.125,pu,
,,X_d,1,pu,
,,X_q,0.64,pu,
,,X_dp,0.3,pu,
,,X_dpp,0.205,pu,
,,T_dp,1.68,s,
,,T_dpp,0.04236666,s,
,,X_qp,0.64,pu,
,,X_qpp,0.235,pu,
,,T_qp,0,s,
,,T_qpp,0.05140625,s,
,Mechanical_data,H,2.88,kgm^2/rad,
La_Mina_RColorado,Electrical_data,V_a,13.8,1kVRMSLL,
,,V_b,13.8,1kVRMSLL,
,,V_c,13.8,1kVRMSLL,
,,Rated_voltage_(Y-connection),13.8,kVRMSLL,
,,Rated_power,52.42,MVA,
,,R_a,.002,pu,
,,X_l,0.15,pu,
,,X_0,0.114,pu,
,,X_d,1.158,pu,
,,X_q,0.523,pu,
,,X_dp,0.271,pu,
,,X_dpp,0.245,pu,
,,T_dp,1.404145,s,
,,T_dpp,0.01808118,s,
,,X_qp,0.523,pu,
,,X_qpp,0.245,pu,
,,T_qp,0,s,
,,T_qpp,0.09087954,s,
,Mechanical_data,H,2.63,kgm^2/rad,
C_LomaAlta,Electrical_data,V_a,13.8,1kVRMSLL,
,,V_b,13.8,1kVRMSLL,
,,V_c,13.8,1kVRMSLL,
,,Rated_voltage_(Y-connection),13.8,kVRMSLL,
,,Rated_power,40,MVA,
,,R_a,.002,pu,
,,X_l,0.15,pu,
,,X_0,0.114,pu,
,,X_d,1.158,pu,
,,X_q,0.523,pu,
,,X_dp,0.271,pu,
,,X_dpp,0.245,pu,
,,T_dp,1.404145,s,
,,T_dpp,0.01808118,s,
,,X_qp,0.523,pu,
,,X_qpp,0.245,pu,
,,T_qp,0,s,
,,T_qpp,0.09087954,s,
,Mechanical_data,H,2.63,kgm^2/rad,
Niuble_U1,Electrical_data,V_a,13.8,1kVRMSLL,
,,V_b,13.8,1kVRMSLL,
,,V_c,13.8,1kVRMSLL,
,,Rated_voltage_(Y-connection),13.8,kVRMSLL,
,,Rated_power,151,MVA,
,,R_a,0,pu,
,,X_l,0.102,pu,
,,X_0,0.1,pu,
,,X_d,1.007,pu,
,,X_q,0.733,pu,
,,X_dp,0.282,pu,
,,X_dpp,0.203,pu,
,,T_dp,2.668778,s,
,,T_dpp,0.1036596,s,
,,X_qp,0.733,pu,
,,X_qpp,0.205,pu,
,,T_qp,0,s,
,,T_qpp,0.06712142,s,
,Mechanical_data,H,4.05,kgm^2/rad,
LFS_DIGUA_U1,Electrical_data,V_a,6.6,1kVRMSLL,
,,V_b,6.6,1kVRMSLL,
,,V_c,6.6,1kVRMSLL,
,,Rated_voltage_(Y-connection),6.6,kVRMSLL,
,,Rated_power,12.5,MVA,
,,R_a,0,pu,
,,X_l,0.102,pu,
,,X_0,0.1,pu,
,,X_d,1.007,pu,
,,X_q,0.733,pu,
,,X_dp,0.282,pu,
,,X_dpp,0.203,pu,
,,T_dp,2.668778,s,
,,T_dpp,0.1036596,s,
,,X_qp,0.733,pu,
,,X_qpp,0.205,pu,
,,T_qp,0,s,
,,T_qpp,0.06712142,s,
,Mechanical_data,H,4.05,kgm^2/rad,
Loma_Alta_LHierros,Electrical_data,V_a,13.8,1kVRMSLL,
,,V_b,13.8,1kVRMSLL,
,,V_c,13.8,1kVRMSLL,
,,Rated_voltage_(Y-connection),13.8,kVRMSLL,
,,Rated_power,40.5,MVA,
,,R_a,.002,pu,
,,X_l,0.15,pu,
,,X_0,0.114,pu,
,,X_d,1.158,pu,
,,X_q,0.523,pu,
,,X_dp,0.271,pu,
,,X_dpp,0.245,pu,
,,T_dp,1.404145,s,
,,T_dpp,0.01808118,s,
,,X_qp,0.523,pu,
,,X_qpp,0.245,pu,
,,T_qp,0,s,
,,T_qpp,0.09087954,s,
,Mechanical_data,H,2.63,kgm^2/rad,
Peuchen_U1,Electrical_data,V_a,13.8,1kVRMSLL,
,,V_b,13.8,1kVRMSLL,
,,V_c,13.8,1kVRMSLL,
,,Rated_voltage_(Y-connection),13.8,kVRMSLL,
,,Rated_power,44,MVA,
,,R_a,0.0036,pu,
,,X_l,0.12,pu,
,,X_0,0.07,pu,
,,X_d,1.11,pu,
,,X_q,0.75,pu,
,,X_dp,0.26,pu,
,,X_dpp,0.18,pu,
,,T_dp,1.496757,s,
,,T_dpp,0.01869231,s,
,,X_qp,0.75,pu,
,,X_qpp,0.18,pu,
,,T_qp,0,s,
,,T_qpp,0.012,s,
,Mechanical_data,H,2.03,kgm^2/rad,
Peuchen_U2,Electrical_data,V_a,13.8,1kVRMSLL,
,,V_b,13.8,1kVRMSLL,
,,V_c,13.8,1kVRMSLL,
,,Rated_voltage_(Y-connection),13.8,kVRMSLL,
,,Rated_power,44,MVA,
,,R_a,0.0036,pu,
,,X_l,0.12,pu,
,,X_0,0.07,pu,
,,X_d,1.11,pu,
,,X_q,0.75,pu,
,,X_dp,0.26,pu,
,,X_dpp,0.18,pu,
,,T_dp,1.496757,s,
,,T_dpp,0.01869231,s,
,,X_qp,0.75,pu,
,,X_qpp,0.18,pu,
,,T_qp,0,s,
,,T_qpp,0.012,s,
,Mechanical_data,H,2.03,kgm^2/rad,
Machicura_U1,Electrical_data,V_a,13.8,1kVRMSLL,
,,V_b,13.8,1kVRMSLL,
,,V_c,13.8,1kVRMSLL,
,,Rated_voltage_(Y-connection),13.8,kVRMSLL,
,,Rated_power,50,MVA,
,,R_a,.002,pu,
,,X_l,0.12,pu,
,,X_0,0.1,pu,
,,X_d,1.109,pu,
,,X_q,0.777,pu,
,,X_dp,0.3,pu,
,,X_dpp,0.19,pu,
,,T_dp,1.103697,s,
,,T_dpp,0.01963333,s,
,,X_qp,0.777,pu,
,,X_qpp,0.21,pu,
,,T_qp,0,s,
,,T_qpp,0.01351351,s,
,Mechanical_data,H,2.75,kgm^2/rad,
Machicura_U2,Electrical_data,V_a,13.8,1kVRMSLL,
,,V_b,13.8,1kVRMSLL,
,,V_c,13.8,1kVRMSLL,
,,Rated_voltage_(Y-connection),13.8,kVRMSLL,
,,Rated_power,50,MVA,
,,R_a,.002,pu,
,,X_l,0.12,pu,
,,X_0,0.1,pu,
,,X_d,1.109,pu,
,,X_q,0.777,pu,
,,X_dp,0.3,pu,
,,X_dpp,0.19,pu,
,,T_dp,1.103697,s,
,,T_dpp,0.01963333,s,
,,X_qp,0.777,pu,
,,X_qpp,0.21,pu,
,,T_qp,0,s,
,,T_qpp,0.01351351,s,
,Mechanical_data,H,2.75,kgm^2/rad,
Pehuenche_U1,Electrical_data,V_a,13.8,1kVRMSLL,
,,V_b,13.8,1kVRMSLL,
,,V_c,13.8,1kVRMSLL,
,,Rated_voltage_(Y-connection),13.8,kVRMSLL,
,,Rated_power,290,MVA,
,,R_a,0,pu,
,,X_l,0.09,pu,
,,X_0,0.114,pu,
,,X_d,1.152,pu,
,,X_q,.703,pu,
,,X_dp,.328,pu,
,,X_dpp,.215,pu,
,,T_dp,2.881389,s,
,,T_dpp,0.07354573,s,
,,X_qp,0.328,pu,
,,X_qpp,0.215,pu,
,,T_qp,0,s,
,,T_qpp,0.05657895,s,
,Mechanical_data,H,8,kgm^2/rad,
Pehuenche_U2,Electrical_data,V_a,13.8,1kVRMSLL,
,,V_b,13.8,1kVRMSLL,
,,V_c,13.8,1kVRMSLL,
,,Rated_voltage_(Y-connection),13.8,kVRMSLL,
,,Rated_power,290,MVA,
,,R_a,0,pu,
,,X_l,0.09,pu,
,,X_0,0.114,pu,
,,X_d,1.152,pu,
,,X_q,.703,pu,
,,X_dp,.328,pu,
,,X_dpp,.215,pu,
,,T_dp,2.881389,s,
,,T_dpp,0.07354573,s,
,,X_qp,0.328,pu,
,,X_qpp,0.215,pu,
,,T_qp,0,s,
,,T_qpp,0.05657895,s,
,Mechanical_data,H,8,kgm^2/rad,
Candelar_U1,Electrical_data,V_a,15,1kVRMSLL,
,,V_b,15,1kVRMSLL,
,,V_c,15,1kVRMSLL,
,,Rated_voltage_(Y-connection),15,kVRMSLL,
,,Rated_power,160,MVA,
,,R_a,.0031,pu,
,,X_l,0.12,pu,
,,X_0,0.09,pu,
,,X_d,1.95,pu,
,,X_q,1.85,pu,
,,X_dp,0.22,pu,
,,X_dpp,0.165,pu,
,,T_dp,1.241026,s,
,,T_dpp,0.036,s,
,,X_qp,0.395,pu,
,,X_qpp,0.165,pu,
,,T_qp,0.1345135,s,
,,T_qpp,0.04010126,s,
,Mechanical_data,H,5,kgm^2/rad,
Rapel_U2,Electrical_data,V_a,15,1kVRMSLL,
,,V_b,15,1kVRMSLL,
,,V_c,15,1kVRMSLL,
,,Rated_voltage_(Y-connection),15,kVRMSLL,
,,Rated_power,160,MVA,
,,R_a,.0031,pu,
,,X_l,0.12,pu,
,,X_0,0.09,pu,
,,X_d,1.95,pu,
,,X_q,1.85,pu,
,,X_dp,0.22,pu,
,,X_dpp,0.165,pu,
,,T_dp,1.241026,s,
,,T_dpp,0.036,s,
,,X_qp,0.395,pu,
,,X_qpp,0.165,pu,
,,T_qp,0.1345135,s,
,,T_qpp,0.04010126,s,
,Mechanical_data,H,5,kgm^2/rad,
LaHiguera_U1,Electrical_data,V_a,13.8,1kVRMSLL,
,,V_b,13.8,1kVRMSLL,
,,V_c,13.8,1kVRMSLL,
,,Rated_voltage_(Y-connection),13.8,kVRMSLL,
,,Rated_power,94.1,MVA,
,,R_a,0.0013,pu,
,,X_l,0.12,pu,
,,X_0,0.1,pu,
,,X_d,1.13,pu,
,,X_q,0.715,pu,
,,X_dp,0.245,pu,
,,X_dpp,0.165,pu,
,,T_dp,2.651328,s,
,,T_dpp,0.09000001,s,
,,X_qp,0.715,pu,
,,X_qpp,0.19,pu,
,,T_qp,0,s,
,,T_qpp,0.08503497,s,
,Mechanical_data,H,3.485,kgm^2/rad,
LaHiguera_U2,Electrical_data,V_a,13.8,1kVRMSLL,
,,V_b,13.8,1kVRMSLL,
,,V_c,13.8,1kVRMSLL,
,,Rated_voltage_(Y-connection),13.8,kVRMSLL,
,,Rated_power,94.1,MVA,
,,R_a,0.0013,pu,
,,X_l,0.12,pu,
,,X_0,0.1,pu,
,,X_d,1.13,pu,
,,X_q,0.715,pu,
,,X_dp,0.245,pu,
,,X_dpp,0.165,pu,
,,T_dp,2.651328,s,
,,T_dpp,0.09000001,s,
,,X_qp,0.715,pu,
,,X_qpp,0.19,pu,
,,T_qp,0,s,
,,T_qpp,0.08503497,s,
,Mechanical_data,H,3.485,kgm^2/rad,
ElPaso_U1,Electrical_data,V_a,10.5,1kVRMSLL,
,,V_b,10.5,1kVRMSLL,
,,V_c,10.5,1kVRMSLL,
,,Rated_voltage_(Y-connection),10.5,kVRMSLL,
,,Rated_power,23.61,MVA,
,,R_a,0,pu,
,,X_l,0.12,pu,
,,X_0,0.0551,pu,
,,X_d,1.07,pu,
,,X_q,0.7,pu,
,,X_dp,0.21,pu,
,,X_dpp,0.135,pu,
,,T_dp,0.9573644,s,
,,T_dpp,0.02655,s,
,,X_qp,0.7,pu,
,,X_qpp,0.135,pu,
,,T_qp,0,s,
,,T_qpp,0.02338343,s,
,Mechanical_data,H,2.62,kgm^2/rad,
ElPaso_U2,Electrical_data,V_a,10.5,1kVRMSLL,
,,V_b,10.5,1kVRMSLL,
,,V_c,10.5,1kVRMSLL,
,,Rated_voltage_(Y-connection),10.5,kVRMSLL,
,,Rated_power,23.61,MVA,
,,R_a,0,pu,
,,X_l,0.12,pu,
,,X_0,0.0551,pu,
,,X_d,1.07,pu,
,,X_q,0.7,pu,
,,X_dp,0.21,pu,
,,X_dpp,0.135,pu,
,,T_dp,0.9573644,s,
,,T_dpp,0.02655,s,
,,X_qp,0.7,pu,
,,X_qpp,0.135,pu,
,,T_qp,0,s,
,,T_qpp,0.02338343,s,
,Mechanical_data,H,2.62,kgm^2/rad,
ElPaso_U3,Electrical_data,V_a,10.5,1kVRMSLL,
,,V_b,10.5,1kVRMSLL,
,,V_c,10.5,1kVRMSLL,
,,Rated_voltage_(Y-connection),10.5,kVRMSLL,
,,Rated_power,23.61,MVA,
,,R_a,0,pu,
,,X_l,0.12,pu,
,,X_0,0.0551,pu,
,,X_d,1.07,pu,
,,X_q,0.7,pu,
,,X_dp,0.21,pu,
,,X_dpp,0.135,pu,
,,T_dp,0.9573644,s,
,,T_dpp,0.02655,s,
,,X_qp,0.7,pu,
,,X_qpp,0.135,pu,
,,T_qp,0,s,
,,T_qpp,0.02338343,s,
,Mechanical_data,H,2.62,kgm^2/rad,
SanAndres_U1,Electrical_data,V_a,10.5,1kVRMSLL,
,,V_b,10.5,1kVRMSLL,
,,V_c,10.5,1kVRMSLL,
,,Rated_voltage_(Y-connection),10.5,kVRMSLL,
,,Rated_power,23.706,MVA,
,,R_a,0,pu,
,,X_l,0.089,pu,
,,X_0,0.069,pu,
,,X_d,1.174,pu,
,,X_q,0.764,pu,
,,X_dp,0.222,pu,
,,X_dpp,0.143,pu,
,,T_dp,0.981414,s,
,,T_dpp,0.0276982,s,
,,X_qp,0.764,pu,
,,X_qpp,0.151,pu,
,,T_qp,0,s,
,,T_qpp,0.02747251,s,
,Mechanical_data,H,2.6,kgm^2/rad,
SanAndres_U2,Electrical_data,V_a,10.5,1kVRMSLL,
,,V_b,10.5,1kVRMSLL,
,,V_c,10.5,1kVRMSLL,
,,Rated_voltage_(Y-connection),10.5,kVRMSLL,
,,Rated_power,23.706,MVA,
,,R_a,0,pu,
,,X_l,0.089,pu,
,,X_0,0.069,pu,
,,X_d,1.174,pu,
,,X_q,0.764,pu,
,,X_dp,0.222,pu,
,,X_dpp,0.143,pu,
,,T_dp,0.981414,s,
,,T_dpp,0.0276982,s,
,,X_qp,0.764,pu,
,,X_qpp,0.151,pu,
,,T_qp,0,s,
,,T_qpp,0.02747251,s,
,Mechanical_data,H,2.6,kgm^2/rad,
LaConfluencia_U1,Electrical_data,V_a,13.8,1kVRMSLL,
,,V_b,13.8,1kVRMSLL,
,,V_c,13.8,1kVRMSLL,
,,Rated_voltage_(Y-connection),15,kVRMSLL,
,,Rated_power,95.8,MVA,
,,R_a,0,pu,
,,X_l,0,pu,
,,X_0,0.08,pu,
,,X_d,1.17,pu,
,,X_q,0.78,pu,
,,X_dp,0.28,pu,
,,X_dpp,0.25,pu,
,,T_dp,2.615727,s,
,,T_dpp,0.07142857,s,
,,X_qp,0.165,pu,
,,X_qpp,0.22,pu,
,,T_qp,0,s,
,,T_qpp,0.09025642,s,
,Mechanical_data,H,3.84,kgm^2/rad,
LaConfluencia_U2,Electrical_data,V_a,13.8,1kVRMSLL,
,,V_b,13.8,1kVRMSLL,
,,V_c,13.8,1kVRMSLL,
,,Rated_voltage_(Y-connection),15,kVRMSLL,
,,Rated_power,95.8,MVA,
,,R_a,0,pu,
,,X_l,0,pu,
,,X_0,0.08,pu,
,,X_d,1.17,pu,
,,X_q,0.78,pu,
,,X_dp,0.28,pu,
,,X_dpp,0.25,pu,
,,T_dp,2.615727,s,
,,T_dpp,0.07142857,s,
,,X_qp,0.165,pu,
,,X_qpp,0.22,pu,
,,T_qp,0,s,
,,T_qpp,0.09025642,s,
,Mechanical_data,H,3.84,kgm^2/rad,
MAPA_TG7,Electrical_data,V_a,15,1kVRMSLL,
,,V_b,15,1kVRMSLL,
,,V_c,15,1kVRMSLL,
,,Rated_voltage_(Y-connection),15,kVRMSLL,
,,Rated_power,225,MVA,
,,R_a,0,pu,
,,X_l,0.17,pu,
,,X_0,0.081,pu,
,,X_d,2.77,pu,
,,X_q,2.65,pu,
,,X_dp,0.25,pu,
,,X_dpp,0.195,pu,
,,T_dp,1.353791,s,
,,T_dpp,0.01672,s,
,,X_qp,0.41,pu,
,,X_qpp,0.2,pu,
,,T_qp,0.1485283,s,
,,T_qpp,0.01609756,s,
,Mechanical_data,H,6.59,kgm^2/rad,
MAPA_TG8,Electrical_data,V_a,15.75,1kVRMSLL,
,,V_b,15.75,1kVRMSLL,
,,V_c,15.75,1kVRMSLL,
,,Rated_voltage_(Y-connection),15.75,kVRMSLL,
,,Rated_power,273,MVA,
,,R_a,0,pu,
,,X_l,0.1,pu,
,,X_0,0.1145,pu,
,,X_d,2.585,pu,
,,X_q,2.456,pu,
,,X_dp,0.267,pu,
,,X_dpp,0.1872,pu,
,,T_dp,1.222115,s,
,,T_dpp,0.03047945,s,
,,X_qp,0.5319,pu,
,,X_qpp,0.2059,pu,
,,T_qp,0.6367207,s,
,,T_qpp,0.067743,s,
,Mechanical_data,H,7.700001,kgm^2/rad,
Angostura_U2,Electrical_data,V_a,13.8,1kVRMSLL,
,,V_b,13.8,1kVRMSLL,
,,V_c,13.8,1kVRMSLL,
,,Rated_voltage_(Y-connection),13.8,kVRMSLL,
,,Rated_power,150.5,MVA,
,,R_a,.002,pu,
,,X_l,0.102,pu,
,,X_0,0.1,pu,
,,X_d,1.007,pu,
,,X_q,0.733,pu,
,,X_dp,0.282,pu,
,,X_dpp,0.203,pu,
,,T_dp,2.668778,s,
,,T_dpp,0.1036596,s,
,,X_qp,0.733,pu,
,,X_qpp,0.205,pu,
,,T_qp,0,s,
,,T_qpp,0.06712142,s,
,Mechanical_data,H,4.05,kgm^2/rad,
Angostura_U3,Electrical_data,V_a,13.8,1kVRMSLL,
,,V_b,13.8,1kVRMSLL,
,,V_c,13.8,1kVRMSLL,
,,Rated_voltage_(Y-connection),13.8,kVRMSLL,
,,Rated_power,50.2,MVA,
,,R_a,.002,pu,
,,X_l,0.19,pu,
,,X_0,0.1,pu,
,,X_d,1.017,pu,
,,X_q,0.754,pu,
,,X_dp,0.299,pu,
,,X_dpp,0.243,pu,
,,T_dp,2.050811,s,
,,T_dpp,0.08297759,s,
,,X_qp,0.754,pu,
,,X_qpp,0.256,pu,
,,T_qp,0,s,
,,T_qpp,0.05028329,s,
,Mechanical_data,H,4.05,kgm^2/rad,
Angostura_U1,Electrical_data,V_a,13.8,1kVRMSLL,
,,V_b,13.8,1kVRMSLL,
,,V_c,13.8,1kVRMSLL,
,,Rated_voltage_(Y-connection),13.8,kVRMSLL,
,,Rated_power,150.5,MVA,
,,R_a,.00,pu,
,,X_l,0.102,pu,
,,X_0,0.1,pu,
,,X_d,1.007,pu,
,,X_q,0.733,pu,
,,X_dp,0.282,pu,
,,X_dpp,0.203,pu,
,,T_dp,2.668778,s,
,,T_dpp,0.1036596,s,
,,X_qp,0.282,pu,
,,X_qpp,0.205,pu,
,,T_qp,2.668778,s,
,,T_qpp,0.06712142,s,
,Mechanical_data,H,8.1,kgm^2/rad,
Canutillar_U1,Electrical_data,V_a,13.8,1kVRMSLL,
,,V_b,13.8,1kVRMSLL,
,,V_c,13.8,1kVRMSLL,
,,Rated_voltage_(Y-connection),13.8,kVRMSLL,
,,Rated_power,70,MVA,
,,R_a,.002,pu,
,,X_l,0.15,pu,
,,X_0,0.15,pu,
,,X_d,0.949,pu,
,,X_q,0.629,pu,
,,X_dp,0.2402,pu,
,,X_dpp,0.1594,pu,
,,T_dp,1.543962,s,
,,T_dpp,0.03981682,s,
,,X_qp,0.629,pu,
,,X_qpp,0.2,pu,
,,T_qp,0,s,
,,T_qpp,0.04992051,s,
,Mechanical_data,H,3.2,kgm^2/rad,
Canutillar_U2,Electrical_data,V_a,13.8,1kVRMSLL,
,,V_b,13.8,1kVRMSLL,
,,V_c,13.8,1kVRMSLL,
,,Rated_voltage_(Y-connection),13.8,kVRMSLL,
,,Rated_power,70,MVA,
,,R_a,.002,pu,
,,X_l,0.15,pu,
,,X_0,0.15,pu,
,,X_d,0.949,pu,
,,X_q,0.629,pu,
,,X_dp,0.2402,pu,
,,X_dpp,0.1594,pu,
,,T_dp,1.543962,s,
,,T_dpp,0.03981682,s,
,,X_qp,0.629,pu,
,,X_qpp,0.2,pu,
,,T_qp,0,s,
,,T_qpp,0.04992051,s,
,Mechanical_data,H,3.2,kgm^2/rad,
CTTAR,Electrical_data,V_a,13.8,1kVRMSLL,Ex
,,V_b,13.8,1kVRMSLL,
,,V_c,13.8,1kVRMSLL,
,,Rated_voltage_(Y-connection),13.8,kVRMSLL,
,,Rated_power,186,MVA,
,,R_a,.004,pu,
,,X_l,0.13,pu,
,,X_0,0.156,pu,
,,X_d,2.449,pu,
,,X_q,2.352,pu,
,,X_dp,0.366,pu,
,,X_dpp,0.26,pu,
,,T_dp,0.567457,s,
,,T_dpp,0.02344262,s,
,,X_qp,0.538,pu,
,,X_qpp,0.251,pu,
,,T_qp,0.1020187,s,
,,T_qpp,0.03125836,s,
,Mechanical_data,H,6.1,kgm^2/rad,
TGTAR,Electrical_data,V_a,11.5,1kVRMSLL,Ex
,,V_b,11.5,1kVRMSLL,
,,V_c,11.5,1kVRMSLL,
,,Rated_voltage_(Y-connection),11.5,kVRMSLL,
,,Rated_power,28,MVA,
,,R_a,.004,pu,
,,X_l,0.15,pu,
,,X_0,0.153,pu,
,,X_d,0.913,pu,
,,X_q,1.815,pu,
,,X_dp,0.3517,pu,
,,X_dpp,0.223,pu,
,,T_dp,0.8507178,s,
,,T_dpp,0.04007631,s,
,,X_qp,0.517,pu,
,,X_qpp,0.3012,pu,
,,T_qp,0.1053939,s,
,,T_qpp,0.01747775,s,
,Mechanical_data,H,2.5,kgm^2/rad,
TER_DONA_LUZMA_OG,Electrical_data,V_a,18.0,1kVRMSLL,Ex
,,V_b,18.0,1kVRMSLL,
,,V_c,18.0,1kVRMSLL,
,,Rated_voltage_(Y-connection),13.8,kVRMSLL,
,,Rated_power,40,MVA,
,,R_a,0.0015,pu,
,,X_l,0.1,pu,
,,X_0,0.1,pu,
,,X_d,1.13,pu,
,,X_q,0.66,pu,
,,X_dp,0.3,pu,
,,X_dpp,0.2,pu,
,,T_dp,0.18361,s,
,,T_dpp,0.01738,s,
,,X_qp,0.2,pu,
,,X_qpp,0.312,pu,
,,T_qp,0.975,s,
,,T_qpp,0.116,s,
,Mechanical_data,H,5,kgm^2/rad,
CCSS_AMARIA_TRANSELEC,Electrical_data,V_a,17963,1,
,,V_b,17963,1,
,,V_c,17963,1,
,,Rated_voltage_(Y-connection),15,kVRMSLL,
,,Rated_power,92,MVA,
,,R_a,.002,pu,
,,X_l,0.01291,pu,
,,X_0,0.0102,pu,
,,X_d,0.4877,pu,
,,X_q,0.3144,pu,
,,X_dp,0.0659,pu,
,,X_dpp,0.0255,pu,
,,T_dp,1.6989,s,
,,T_dpp,0.0681,s,
,,X_qp,0.0659,pu,
,,X_qpp,0.036,pu,
,,T_qp,1.6989,s,
,,T_qpp,0.0597,s,
,Mechanical_data,H,10,kgm^2/rad,
CCSS_LIKANANTAI_TRANSELEC,Electrical_data,V_a,17963,1,
,,V_b,17963,1,
,,V_c,17963,1,
,,Rated_voltage_(Y-connection),15,kVRMSLL,
,,Rated_power,92,MVA,
,,R_a,.002,pu,
,,X_l,0.01291,pu,
,,X_0,0.0102,pu,
,,X_d,0.4877,pu,
,,X_q,0.3144,pu,
,,X_dp,0.0659,pu,
,,X_dpp,0.0255,pu,
,,T_dp,1.6989,s,
,,T_dpp,0.0681,s,
,,X_qp,0.0659,pu,
,,X_qpp,0.036,pu,
,,T_qp,1.6989,s,
,,T_qpp,0.0597,s,
,Mechanical_data,H,10,kgm^2/rad,
HP_TRUPAN_OG,Electrical_data,V_a,18.0,1kVRMSLL,Ex
,,V_b,18.0,1kVRMSLL,
,,V_c,18.0,1kVRMSLL,
,,Rated_voltage_(Y-connection),13.8,kVRMSLL,
,,Rated_power,20,MVA,
,,R_a,0.0015,pu,
,,X_l,0.1,pu,
,,X_0,0.1,pu,
,,X_d,1.13,pu,
,,X_q,0.66,pu,
,,X_dp,0.3,pu,
,,X_dpp,0.2,pu,
,,T_dp,0.18361,s,
,,T_dpp,0.01738,s,
,,X_qp,0.2,pu,
,,X_qpp,0.312,pu,
,,T_qp,0.975,s,
,,T_qpp,0.116,s,
,Mechanical_data,H,5,kgm^2/rad,
HP_DOS_VALLES_AMP_OG,Electrical_data,V_a,18.0,1kVRMSLL,Ex
,,V_b,18.0,1kVRMSLL,
,,V_c,18.0,1kVRMSLL,
,,Rated_voltage_(Y-connection),13.8,kVRMSLL,
,,Rated_power,5,MVA,
,,R_a,0.0015,pu,
,,X_l,0.1,pu,
,,X_0,0.1,pu,
,,X_d,1.13,pu,
,,X_q,0.66,pu,
,,X_dp,0.3,pu,
,,X_dpp,0.2,pu,
,,T_dp,0.18361,s,
,,T_dpp,0.01738,s,
,,X_qp,0.2,pu,
,,X_qpp,0.312,pu,
,,T_qp,0.975,s,
,,T_qpp,0.116,s,
,Mechanical_data,H,5,kgm^2/rad,
HP_LOS_CONDORES_OG,Electrical_data,V_a,18.0,1kVRMSLL,Ex
,,V_b,18.0,1kVRMSLL,
,,V_c,18.0,1kVRMSLL,
,,Rated_voltage_(Y-connection),13.8,kVRMSLL,
,,Rated_power,162,MVA,
,,R_a,0.0015,pu,
,,X_l,0.1,pu,
,,X_0,0.1,pu,
,,X_d,1.13,pu,
,,X_q,0.66,pu,
,,X_dp,0.3,pu,
,,X_dpp,0.2,pu,
,,T_dp,0.18361,s,
,,T_dpp,0.01738,s,
,,X_qp,0.2,pu,
,,X_qpp,0.312,pu,
,,T_qp,0.975,s,
,,T_qpp,0.116,s,
,Mechanical_data,H,5,kgm^2/rad,
HP_NUBLE_OG,Electrical_data,V_a,18.0,1kVRMSLL,Ex
,,V_b,18.0,1kVRMSLL,
,,V_c,18.0,1kVRMSLL,
,,Rated_voltage_(Y-connection),13.8,kVRMSLL,
,,Rated_power,136,MVA,
,,R_a,0.0015,pu,
,,X_l,0.1,pu,
,,X_0,0.1,pu,
,,X_d,1.13,pu,
,,X_q,0.66,pu,
,,X_dp,0.3,pu,
,,X_dpp,0.2,pu,
,,T_dp,0.18361,s,
,,T_dpp,0.01738,s,
,,X_qp,0.2,pu,
,,X_qpp,0.312,pu,
,,T_qp,0.975,s,
,,T_qpp,0.116,s,
,Mechanical_data,H,5,kgm^2/rad,
HP_LOS_LAGOS_OG,Electrical_data,V_a,18.0,1kVRMSLL,Ex
,,V_b,18.0,1kVRMSLL,
,,V_c,18.0,1kVRMSLL,
,,Rated_voltage_(Y-connection),13.8,kVRMSLL,
,,Rated_power,54,MVA,
,,R_a,0.0015,pu,
,,X_l,0.1,pu,
,,X_0,0.1,pu,
,,X_d,1.13,pu,
,,X_q,0.66,pu,
,,X_dp,0.3,pu,
,,X_dpp,0.2,pu,
,,T_dp,0.18361,s,
,,T_dpp,0.01738,s,
,,X_qp,0.2,pu,
,,X_qpp,0.312,pu,
,,T_qp,0.975,s,
,,T_qpp,0.116,s,
,Mechanical_data,H,5,kgm^2/rad,
CCSS_ILLAPA_ALUPAR,Electrical_data,V_a,17963,1,
,,V_b,17963,1,
,,V_c,17963,1,
,,Rated_voltage_(Y-connection),15,kVRMSLL,
,,Rated_power,270,MVA,
,,R_a,.002,pu,
,,X_l,.09,pu,
,,X_0,0.1,pu,
,,X_d,1.3129,pu,
,,X_q,0.8071,pu,
,,X_dp,0.1486,pu,
,,X_dpp,0.0979,pu,
,,T_dp,0.18361,s,
,,T_dpp,0.01738,s,
,,X_qp,0.8,pu,
,,X_qpp,0.1045,pu,
,,T_qp,0.975,s,
,,T_qpp,0.116,s,
,Mechanical_data,H,5,kgm^2/rad,
CCSS_AMARIA_ALUPAR,Electrical_data,V_a,18.0,1kVRMSLL,
,,V_b,18.0,1kVRMSLL,
,,V_c,18.0,1kVRMSLL,
,,Rated_voltage_(Y-connection),15,kVRMSLL,
,,Rated_power,360,MVA,
,,R_a,0.0015,pu,
,,X_l,0.1,pu,
,,X_0,0.1,pu,
,,X_d,1.13,pu,
,,X_q,0.66,pu,
,,X_dp,0.3,pu,
,,X_dpp,0.2,pu,
,,T_dp,0.18361,s,
,,T_dpp,0.01738,s,
,,X_qp,0.2,pu,
,,X_qpp,0.312,pu,
,,T_qp,0.975,s,
,,T_qpp,0.116,s,
,Mechanical_data,H,5,kgm^2/rad,
